,,AGGO00ARG,AGGO00ARG,AGGO00ARG,AGGO00ARG,AIRA00JPN,AIRA00JPN,AIRA00JPN,AIRA00JPN,AJAC00FRA,AJAC00FRA,AJAC00FRA,AJAC00FRA,ALBH00CAN,ALBH00CAN,ALBH00CAN,ALBH00CAN,ALGO00CAN,ALGO00CAN,ALGO00CAN,ALGO00CAN,ALIC00AUS,ALIC00AUS,ALIC00AUS,ALIC00AUS,ANMG00MYS,ANMG00MYS,ANMG00MYS,ANMG00MYS,ASCG00SHN,ASCG00SHN,ASCG00SHN,ASCG00SHN,AUCK00NZL,AUCK00NZL,AUCK00NZL,AUCK00NZL,BIK000KGZ,BIK000KGZ,BIK000KGZ,BIK000KGZ,BOR100POL,BOR100POL,BOR100POL,BOR100POL,BRST00FRA,BRST00FRA,BRST00FRA,BRST00FRA,BRUN00BRN,BRUN00BRN,BRUN00BRN,BRUN00BRN,BRUX00BEL,BRUX00BEL,BRUX00BEL,BRUX00BEL,CCJ200JPN,CCJ200JPN,CCJ200JPN,CCJ200JPN,CEBR00ESP,CEBR00ESP,CEBR00ESP,CEBR00ESP,CEDU00AUS,CEDU00AUS,CEDU00AUS,CEDU00AUS,CHOF00JPN,CHOF00JPN,CHOF00JPN,CHOF00JPN,CHPG00BRA,CHPG00BRA,CHPG00BRA,CHPG00BRA,CHTI00NZL,CHTI00NZL,CHTI00NZL,CHTI00NZL,CIBG00IDN,CIBG00IDN,CIBG00IDN,CIBG00IDN,CMUM00THA,CMUM00THA,CMUM00THA,CMUM00THA,CPNM00THA,CPNM00THA,CPNM00THA,CPNM00THA,CUUT00THA,CUUT00THA,CUUT00THA,CUUT00THA,CZTG00ATF,CZTG00ATF,CZTG00ATF,CZTG00ATF,DAE200KOR,DAE200KOR,DAE200KOR,DAE200KOR,DARW00AUS,DARW00AUS,DARW00AUS,DARW00AUS,DJIG00DJI,DJIG00DJI,DJIG00DJI,DJIG00DJI,DLF100NLD,DLF100NLD,DLF100NLD,DLF100NLD,DLTV00VNM,DLTV00VNM,DLTV00VNM,DLTV00VNM,DRAO00CAN,DRAO00CAN,DRAO00CAN,DRAO00CAN,DUBO00CAN,DUBO00CAN,DUBO00CAN,DUBO00CAN,DUND00NZL,DUND00NZL,DUND00NZL,DUND00NZL,DYNG00GRC,DYNG00GRC,DYNG00GRC,DYNG00GRC,EBRE00ESP,EBRE00ESP,EBRE00ESP,EBRE00ESP,FAA100PYF,FAA100PYF,FAA100PYF,FAA100PYF,FFMJ00DEU,FFMJ00DEU,FFMJ00DEU,FFMJ00DEU,FLIN00CAN,FLIN00CAN,FLIN00CAN,FLIN00CAN,FTNA00WLF,FTNA00WLF,FTNA00WLF,FTNA00WLF,GAMB00PYF,GAMB00PYF,GAMB00PYF,GAMB00PYF,GAMG00KOR,GAMG00KOR,GAMG00KOR,GAMG00KOR,GANP00SVK,GANP00SVK,GANP00SVK,GANP00SVK,GOP700CZE,GOP700CZE,GOP700CZE,GOP700CZE,GRAC00FRA,GRAC00FRA,GRAC00FRA,GRAC00FRA,HARB00ZAF,HARB00ZAF,HARB00ZAF,HARB00ZAF,HKSL00HKG,HKSL00HKG,HKSL00HKG,HKSL00HKG,HKWS00HKG,HKWS00HKG,HKWS00HKG,HKWS00HKG,HOFN00ISL,HOFN00ISL,HOFN00ISL,HOFN00ISL,HRAG00ZAF,HRAG00ZAF,HRAG00ZAF,HRAG00ZAF,HUEG00DEU,HUEG00DEU,HUEG00DEU,HUEG00DEU,ISHI00JPN,ISHI00JPN,ISHI00JPN,ISHI00JPN,ISTA00TUR,ISTA00TUR,ISTA00TUR,ISTA00TUR,JCTW00ZAF,JCTW00ZAF,JCTW00ZAF,JCTW00ZAF,JFNG00CHN,JFNG00CHN,JFNG00CHN,JFNG00CHN,JOG200IDN,JOG200IDN,JOG200IDN,JOG200IDN,JPRE00ZAF,JPRE00ZAF,JPRE00ZAF,JPRE00ZAF,KARR00AUS,KARR00AUS,KARR00AUS,KARR00AUS,KAT100AUS,KAT100AUS,KAT100AUS,KAT100AUS,KIR800SWE,KIR800SWE,KIR800SWE,KIR800SWE,KIRI00KIR,KIRI00KIR,KIRI00KIR,KIRI00KIR,KIRU00SWE,KIRU00SWE,KIRU00SWE,KIRU00SWE,KIT300UZB,KIT300UZB,KIT300UZB,KIT300UZB,KITG00UZB,KITG00UZB,KITG00UZB,KITG00UZB,KOKV00USA,KOKV00USA,KOKV00USA,KOKV00USA,KOUG00GUF,KOUG00GUF,KOUG00GUF,KOUG00GUF,KOUR00GUF,KOUR00GUF,KOUR00GUF,KOUR00GUF,KRGG00ATF,KRGG00ATF,KRGG00ATF,KRGG00ATF,KZN200RUS,KZN200RUS,KZN200RUS,KZN200RUS,LEIJ00DEU,LEIJ00DEU,LEIJ00DEU,LEIJ00DEU,LHAZ00CHN,LHAZ00CHN,LHAZ00CHN,LHAZ00CHN,LLAG00ESP,LLAG00ESP,LLAG00ESP,LLAG00ESP,LMMF00MTQ,LMMF00MTQ,LMMF00MTQ,LMMF00MTQ,LPGS00ARG,LPGS00ARG,LPGS00ARG,LPGS00ARG,MAJU00MHL,MAJU00MHL,MAJU00MHL,MAJU00MHL,MAL200KEN,MAL200KEN,MAL200KEN,MAL200KEN,MAR700SWE,MAR700SWE,MAR700SWE,MAR700SWE,MARS00FRA,MARS00FRA,MARS00FRA,MARS00FRA,MAS100ESP,MAS100ESP,MAS100ESP,MAS100ESP,MATG00ITA,MATG00ITA,MATG00ITA,MATG00ITA,MAYG00MYT,MAYG00MYT,MAYG00MYT,MAYG00MYT,MEDI00ITA,MEDI00ITA,MEDI00ITA,MEDI00ITA,MELI00ESP,MELI00ESP,MELI00ESP,MELI00ESP,METG00FIN,METG00FIN,METG00FIN,METG00FIN,MGUE00ARG,MGUE00ARG,MGUE00ARG,MGUE00ARG,MIZU00JPN,MIZU00JPN,MIZU00JPN,MIZU00JPN,MOBS00AUS,MOBS00AUS,MOBS00AUS,MOBS00AUS,MQZG00NZL,MQZG00NZL,MQZG00NZL,MQZG00NZL,NAUR00NRU,NAUR00NRU,NAUR00NRU,NAUR00NRU,NICO00CYP,NICO00CYP,NICO00CYP,NICO00CYP,NIUM00NIU,NIUM00NIU,NIUM00NIU,NIUM00NIU,NKLG00GAB,NKLG00GAB,NKLG00GAB,NKLG00GAB,NNOR00AUS,NNOR00AUS,NNOR00AUS,NNOR00AUS,NRC100CAN,NRC100CAN,NRC100CAN,NRC100CAN,NYA200NOR,NYA200NOR,NYA200NOR,NYA200NOR,OBE400DEU,OBE400DEU,OBE400DEU,OBE400DEU,OHI200ATA,OHI200ATA,OHI200ATA,OHI200ATA,OHI300ATA,OHI300ATA,OHI300ATA,OHI300ATA,ONS100SWE,ONS100SWE,ONS100SWE,ONS100SWE,OUS200NZL,OUS200NZL,OUS200NZL,OUS200NZL,OWMG00NZL,OWMG00NZL,OWMG00NZL,OWMG00NZL,PADO00ITA,PADO00ITA,PADO00ITA,PADO00ITA,PNGM00PNG,PNGM00PNG,PNGM00PNG,PNGM00PNG,POTS00DEU,POTS00DEU,POTS00DEU,POTS00DEU,PRDS00CAN,PRDS00CAN,PRDS00CAN,PRDS00CAN,PTGG00PHL,PTGG00PHL,PTGG00PHL,PTGG00PHL,PTVL00VUT,PTVL00VUT,PTVL00VUT,PTVL00VUT,REDU00BEL,REDU00BEL,REDU00BEL,REDU00BEL,REUN00REU,REUN00REU,REUN00REU,REUN00REU,REYK00ISL,REYK00ISL,REYK00ISL,REYK00ISL,RGDG00ARG,RGDG00ARG,RGDG00ARG,RGDG00ARG,RIO200ARG,RIO200ARG,RIO200ARG,RIO200ARG,SASK00CAN,SASK00CAN,SASK00CAN,SASK00CAN,SCH200CAN,SCH200CAN,SCH200CAN,SCH200CAN,SCRZ00BOL,SCRZ00BOL,SCRZ00BOL,SCRZ00BOL,SCTB00ATA,SCTB00ATA,SCTB00ATA,SCTB00ATA,SCUB00CUB,SCUB00CUB,SCUB00CUB,SCUB00CUB,SEYG00SYC,SEYG00SYC,SEYG00SYC,SEYG00SYC,SGOC00LKA,SGOC00LKA,SGOC00LKA,SGOC00LKA,SIN100SGP,SIN100SGP,SIN100SGP,SIN100SGP,STFU00USA,STFU00USA,STFU00USA,STFU00USA,STJ300CAN,STJ300CAN,STJ300CAN,STJ300CAN,STJO00CAN,STJO00CAN,STJO00CAN,STJO00CAN,STK200JPN,STK200JPN,STK200JPN,STK200JPN,STR100AUS,STR100AUS,STR100AUS,STR100AUS,SUTM00ZAF,SUTM00ZAF,SUTM00ZAF,SUTM00ZAF,SYDN00AUS,SYDN00AUS,SYDN00AUS,SYDN00AUS,TASH00UZB,TASH00UZB,TASH00UZB,TASH00UZB,THTG00PYF,THTG00PYF,THTG00PYF,THTG00PYF,TIT200DEU,TIT200DEU,TIT200DEU,TIT200DEU,TLSE00FRA,TLSE00FRA,TLSE00FRA,TLSE00FRA,TLSG00FRA,TLSG00FRA,TLSG00FRA,TLSG00FRA,TOW200AUS,TOW200AUS,TOW200AUS,TOW200AUS,TSK200JPN,TSK200JPN,TSK200JPN,TSK200JPN,TWTF00TWN,TWTF00TWN,TWTF00TWN,TWTF00TWN,UCAL00CAN,UCAL00CAN,UCAL00CAN,UCAL00CAN,ULAB00MNG,ULAB00MNG,ULAB00MNG,ULAB00MNG,UNB300CAN,UNB300CAN,UNB300CAN,UNB300CAN,UNBD00CAN,UNBD00CAN,UNBD00CAN,UNBD00CAN,UNX200AUS,UNX200AUS,UNX200AUS,UNX200AUS,UNX300AUS,UNX300AUS,UNX300AUS,UNX300AUS,USN800USA,USN800USA,USN800USA,USN800USA,USN900USA,USN900USA,USN900USA,USN900USA,VILL00ESP,VILL00ESP,VILL00ESP,VILL00ESP,VOIM00MDG,VOIM00MDG,VOIM00MDG,VOIM00MDG,WARK00NZL,WARK00NZL,WARK00NZL,WARK00NZL,WARN00DEU,WARN00DEU,WARN00DEU,WARN00DEU,WGTN00NZL,WGTN00NZL,WGTN00NZL,WGTN00NZL,WHIT00CAN,WHIT00CAN,WHIT00CAN,WHIT00CAN,WTZ300DEU,WTZ300DEU,WTZ300DEU,WTZ300DEU,WTZR00DEU,WTZR00DEU,WTZR00DEU,WTZR00DEU,WTZS00DEU,WTZS00DEU,WTZS00DEU,WTZS00DEU,WTZZ00DEU,WTZZ00DEU,WTZZ00DEU,WTZZ00DEU,WUH200CHN,WUH200CHN,WUH200CHN,WUH200CHN,YAR200AUS,YAR200AUS,YAR200AUS,YAR200AUS,YEL200CAN,YEL200CAN,YEL200CAN,YEL200CAN,YELL00CAN,YELL00CAN,YELL00CAN,YELL00CAN
,,snr,obs,gaps,multipath,snr,obs,gaps,multipath,snr,obs,gaps,multipath,snr,obs,gaps,multipath,snr,obs,gaps,multipath,snr,obs,gaps,multipath,snr,obs,gaps,multipath,snr,obs,gaps,multipath,snr,obs,gaps,multipath,snr,obs,gaps,multipath,snr,obs,gaps,multipath,snr,obs,gaps,multipath,snr,obs,gaps,multipath,snr,obs,gaps,multipath,snr,obs,gaps,multipath,snr,obs,gaps,multipath,snr,obs,gaps,multipath,snr,obs,gaps,multipath,snr,obs,gaps,multipath,snr,obs,gaps,multipath,snr,obs,gaps,multipath,snr,obs,gaps,multipath,snr,obs,gaps,multipath,snr,obs,gaps,multipath,snr,obs,gaps,multipath,snr,obs,gaps,multipath,snr,obs,gaps,multipath,snr,obs,gaps,multipath,snr,obs,gaps,multipath,snr,obs,gaps,multipath,snr,obs,gaps,multipath,snr,obs,gaps,multipath,snr,obs,gaps,multipath,snr,obs,gaps,multipath,snr,obs,gaps,multipath,snr,obs,gaps,multipath,snr,obs,gaps,multipath,snr,obs,gaps,multipath,snr,obs,gaps,multipath,snr,obs,gaps,multipath,snr,obs,gaps,multipath,snr,obs,gaps,multipath,snr,obs,gaps,multipath,snr,obs,gaps,multipath,snr,obs,gaps,multipath,snr,obs,gaps,multipath,snr,obs,gaps,multipath,snr,obs,gaps,multipath,snr,obs,gaps,multipath,snr,obs,gaps,multipath,snr,obs,gaps,multipath,snr,obs,gaps,multipath,snr,obs,gaps,multipath,snr,obs,gaps,multipath,snr,obs,gaps,multipath,snr,obs,gaps,multipath,snr,obs,gaps,multipath,snr,obs,gaps,multipath,snr,obs,gaps,multipath,snr,obs,gaps,multipath,snr,obs,gaps,multipath,snr,obs,gaps,multipath,snr,obs,gaps,multipath,snr,obs,gaps,multipath,snr,obs,gaps,multipath,snr,obs,gaps,multipath,snr,obs,gaps,multipath,snr,obs,gaps,multipath,snr,obs,gaps,multipath,snr,obs,gaps,multipath,snr,obs,gaps,multipath,snr,obs,gaps,multipath,snr,obs,gaps,multipath,snr,obs,gaps,multipath,snr,obs,gaps,multipath,snr,obs,gaps,multipath,snr,obs,gaps,multipath,snr,obs,gaps,multipath,snr,obs,gaps,multipath,snr,obs,gaps,multipath,snr,obs,gaps,multipath,snr,obs,gaps,multipath,snr,obs,gaps,multipath,snr,obs,gaps,multipath,snr,obs,gaps,multipath,snr,obs,gaps,multipath,snr,obs,gaps,multipath,snr,obs,gaps,multipath,snr,obs,gaps,multipath,snr,obs,gaps,multipath,snr,obs,gaps,multipath,snr,obs,gaps,multipath,snr,obs,gaps,multipath,snr,obs,gaps,multipath,snr,obs,gaps,multipath,snr,obs,gaps,multipath,snr,obs,gaps,multipath,snr,obs,gaps,multipath,snr,obs,gaps,multipath,snr,obs,gaps,multipath,snr,obs,gaps,multipath,snr,obs,gaps,multipath,snr,obs,gaps,multipath,snr,obs,gaps,multipath,snr,obs,gaps,multipath,snr,obs,gaps,multipath,snr,obs,gaps,multipath,snr,obs,gaps,multipath,snr,obs,gaps,multipath,snr,obs,gaps,multipath,snr,obs,gaps,multipath,snr,obs,gaps,multipath,snr,obs,gaps,multipath,snr,obs,gaps,multipath,snr,obs,gaps,multipath,snr,obs,gaps,multipath,snr,obs,gaps,multipath,snr,obs,gaps,multipath,snr,obs,gaps,multipath,snr,obs,gaps,multipath,snr,obs,gaps,multipath,snr,obs,gaps,multipath,snr,obs,gaps,multipath,snr,obs,gaps,multipath,snr,obs,gaps,multipath,snr,obs,gaps,multipath,snr,obs,gaps,multipath,snr,obs,gaps,multipath,snr,obs,gaps,multipath,snr,obs,gaps,multipath,snr,obs,gaps,multipath,snr,obs,gaps,multipath,snr,obs,gaps,multipath,snr,obs,gaps,multipath,snr,obs,gaps,multipath,snr,obs,gaps,multipath,snr,obs,gaps,multipath,snr,obs,gaps,multipath,snr,obs,gaps,multipath,snr,obs,gaps,multipath,snr,obs,gaps,multipath,snr,obs,gaps,multipath,snr,obs,gaps,multipath,snr,obs,gaps,multipath,snr,obs,gaps,multipath,snr,obs,gaps,multipath,snr,obs,gaps,multipath,snr,obs,gaps,multipath,snr,obs,gaps,multipath,snr,obs,gaps,multipath,snr,obs,gaps,multipath,snr,obs,gaps,multipath,snr,obs,gaps,multipath,snr,obs,gaps,multipath,snr,obs,gaps,multipath,snr,obs,gaps,multipath
C,2I,44.6,2978.0,18.0,0.55,,,,,38.8,11088.0,35.0,0.43,,,,,,,,,43.4,22973.0,20.0,0.14,41.8,35142.0,15.0,0.27,39.8,6531.0,24.0,0.48,39.3,18989.0,68.0,0.44,,,,,40.0,14950.0,261.0,0.45,40.1,9961.0,78.0,0.46,41.8,34597.0,64.0,0.27,39.4,13903.0,16.0,0.44,,,,,40.8,12146.0,73.0,0.56,44.7,18090.0,9.0,0.19,,,,,43.6,3271.0,16.0,0.4,40.0,15379.0,190.0,0.37,43.2,22977.0,33.0,0.18,41.4,21696.0,155.0,0.56,39.2,33805.0,189.0,0.42,41.3,35075.0,307.0,0.82,40.0,15758.0,693.0,0.15,39.7,26179.0,136.0,0.37,40.1,39487.0,44.0,0.35,39.4,24976.0,205.0,0.39,41.0,12830.0,12.0,0.4,40.2,33675.0,75.0,0.38,,,,,,,,,40.1,21189.0,112.0,0.4,39.2,17670.0,95.0,0.47,42.7,10009.0,26.0,0.33,43.1,11739.0,29.0,0.58,45.0,7768.0,7.0,0.77,,,,,36.9,15975.0,79.0,0.44,42.7,2452.0,22.0,0.43,45.0,36643.0,12.0,0.22,39.3,15714.0,172.0,0.57,42.4,12520.0,28.0,0.41,39.9,11530.0,43.0,0.24,39.6,17309.0,27.0,0.4,45.4,34569.0,14.0,0.16,45.6,32505.0,17.0,0.15,,,,,,,,,45.2,12277.0,11.0,0.96,,,,,37.0,16300.0,18.0,0.22,39.0,13901.0,341.0,0.51,42.4,30476.0,53.0,0.26,,,,,39.4,17381.0,24.0,0.38,41.6,35029.0,21.0,0.35,44.8,9613.0,5.0,0.37,41.9,9136.0,113.0,0.43,40.0,20440.0,101.0,0.58,44.1,16148.0,66.0,0.39,,,,,42.2,23816.0,73.0,0.28,39.3,6860.0,123.0,0.92,42.9,3465.0,11.0,0.34,44.8,4769.0,22.0,0.34,41.9,20669.0,403.0,0.43,40.5,20924.0,300.0,0.35,43.7,10579.0,6.0,0.71,47.1,22916.0,20.0,0.14,,,,,44.4,3256.0,11.0,0.35,44.5,1517.0,5.0,1.0,40.1,7395.0,42.0,0.49,37.7,33008.0,118.0,0.49,41.9,12894.0,36.0,0.48,39.6,8835.0,83.0,0.63,43.8,9808.0,11.0,0.42,,,,,39.8,25242.0,287.0,0.5,39.0,10860.0,333.0,0.63,,,,,41.0,15816.0,103.0,0.4,46.8,4808.0,9.0,0.35,44.2,15490.0,5.0,0.53,43.3,13956.0,14.0,0.3,40.6,15880.0,138.0,0.52,42.9,1242.0,0.0,0.44,,,,,38.6,14973.0,58.0,0.77,39.4,8966.0,60.0,0.39,43.8,35475.0,55.0,0.31,,,,,,,,,,,,,,,,,41.5,7076.0,22.0,0.36,39.8,9311.0,7.0,0.42,,,,,39.7,17561.0,314.0,0.5,41.1,12337.0,18.0,0.07,41.1,30320.0,205.0,0.53,,,,,,,,,42.1,25509.0,563.0,0.36,40.4,21400.0,65.0,0.69,41.9,16297.0,29.0,0.45,41.4,20355.0,167.0,0.4,41.5,8991.0,16.0,0.29,39.8,6040.0,19.0,0.45,,,,,,,,,,,,,,,,,43.9,10350.0,28.0,0.61,,,,,40.5,25293.0,67.0,0.33,,,,,42.7,33772.0,589.0,0.37,,,,,45.3,5395.0,37.0,0.38,,,,,,,,,43.2,30967.0,38.0,0.3,,,,,44.0,3918.0,5.0,0.4,,,,,40.1,8035.0,406.0,0.98,,,,,39.6,11424.0,7.0,0.43,40.8,15666.0,37.0,0.48,44.5,18531.0,18.0,0.23,,,,,,,,,40.1,6804.0,9.0,1.24,,,,,41.1,4234.0,6.0,0.57,,,,,,,,,44.1,26369.0,48.0,0.29,46.6,2761.0,3.0,0.46,,,,,41.6,10818.0,28.0,0.51,,,,,40.1,20127.0,46.0,0.59,45.6,7678.0,9.0,0.75,39.9,16904.0,174.0,0.38,,,,,,,,,42.9,14229.0,351.0,0.61,,,,,,,,,,,,,41.1,5178.0,29.0,0.34,44.4,12083.0,13.0,0.45,,,,
C,7I,46.1,3005.0,15.0,0.27,,,,,44.5,11088.0,35.0,0.48,,,,,,,,,48.5,22972.0,20.0,0.13,44.6,35132.0,20.0,0.2,40.9,6506.0,36.0,0.41,42.1,18931.0,80.0,0.35,,,,,41.9,14553.0,248.0,0.38,39.8,9911.0,102.0,0.37,44.7,34587.0,72.0,0.2,42.9,11857.0,12.0,0.22,,,,,42.3,8999.0,16.0,0.43,45.9,14913.0,8.0,0.18,,,,,45.1,3244.0,20.0,0.3,41.1,14914.0,92.0,0.29,48.4,22977.0,33.0,0.14,44.4,21498.0,167.0,0.61,43.0,33556.0,332.0,0.35,41.9,35074.0,307.0,0.94,47.7,15751.0,692.0,0.14,42.4,26045.0,232.0,0.29,43.0,31673.0,31.0,0.25,40.6,24799.0,290.0,0.28,42.2,12830.0,12.0,0.31,43.5,33509.0,158.0,0.31,,,,,,,,,42.2,21077.0,157.0,0.32,41.5,17533.0,170.0,0.4,43.5,9955.0,24.0,0.33,42.7,9954.0,16.0,0.43,44.5,10741.0,9.0,0.48,,,,,40.9,15763.0,160.0,0.27,44.2,2405.0,43.0,0.36,45.0,30638.0,7.0,0.15,40.1,15245.0,142.0,0.53,42.2,12480.0,32.0,0.33,43.5,11519.0,45.0,0.27,42.0,17255.0,58.0,0.28,45.3,34548.0,25.0,0.16,46.7,32476.0,19.0,0.12,,,,,,,,,44.2,12120.0,7.0,0.54,,,,,43.0,16299.0,18.0,0.18,40.9,13821.0,395.0,0.42,44.5,30438.0,69.0,0.21,,,,,41.6,17332.0,57.0,0.27,44.1,34979.0,58.0,0.27,44.7,7942.0,0.0,0.24,42.4,8911.0,79.0,0.35,43.0,20349.0,136.0,0.42,45.0,11461.0,40.0,0.29,,,,,44.5,23716.0,106.0,0.22,41.9,6124.0,20.0,0.48,47.3,3461.0,15.0,0.33,46.0,3312.0,2.0,0.28,46.7,20664.0,403.0,0.44,42.5,20919.0,301.0,0.28,45.1,11969.0,8.0,0.41,45.0,22915.0,20.0,0.13,,,,,45.6,3245.0,15.0,0.31,49.1,1878.0,14.0,0.42,43.2,7511.0,26.0,0.39,41.6,25646.0,49.0,0.28,40.8,12882.0,34.0,0.35,44.9,8834.0,83.0,0.75,41.6,6897.0,4.0,0.39,,,,,40.9,25006.0,382.0,0.38,43.0,10849.0,334.0,0.76,,,,,42.6,15486.0,130.0,0.29,46.0,2962.0,4.0,0.27,44.7,16294.0,3.0,0.42,44.6,12260.0,5.0,0.21,42.7,15753.0,132.0,0.41,42.7,1242.0,0.0,0.32,,,,,41.4,14795.0,149.0,0.43,42.2,8843.0,65.0,0.29,45.2,31038.0,25.0,0.26,,,,,,,,,,,,,,,,,44.9,7072.0,24.0,0.41,40.3,9311.0,7.0,0.31,,,,,42.1,17006.0,279.0,0.43,45.6,12334.0,18.0,0.07,43.4,30149.0,297.0,0.42,,,,,,,,,42.8,25509.0,563.0,0.34,42.1,21329.0,96.0,0.5,43.0,12279.0,13.0,0.33,44.4,20196.0,207.0,0.3,44.9,8990.0,16.0,0.29,38.2,5978.0,45.0,0.37,,,,,,,,,,,,,,,,,41.8,10314.0,49.0,0.47,,,,,41.2,25121.0,139.0,0.24,,,,,43.1,33772.0,589.0,0.26,,,,,46.5,3206.0,12.0,0.24,,,,,,,,,44.5,25789.0,19.0,0.23,,,,,45.1,2788.0,1.0,0.3,,,,,43.6,8032.0,405.0,0.99,44.4,10587.0,3.0,0.0,41.2,11385.0,29.0,0.32,41.8,11958.0,9.0,0.31,44.9,18539.0,9.0,0.14,,,,,,,,,41.3,6804.0,9.0,1.04,,,,,42.7,4185.0,36.0,0.41,,,,,,,,,44.3,26203.0,50.0,0.17,50.5,2776.0,2.0,0.18,,,,,43.1,7738.0,11.0,0.38,,,,,41.3,20095.0,51.0,0.45,44.4,14710.0,12.0,0.46,41.9,16526.0,77.0,0.3,,,,,,,,,41.7,14226.0,351.0,0.65,,,,,44.2,15493.0,5.0,0.0,,,,,44.3,5294.0,9.0,0.28,43.4,8329.0,9.0,0.25,,,,
E,1C,45.0,12561.0,75.0,0.25,,,,,48.4,12636.0,21.0,0.17,,,,,,,,,49.9,9732.0,21.0,0.33,,,,,,,,,,,,,,,,,,,,,,,,,,,,,42.8,14755.0,35.0,0.16,,,,,44.2,13729.0,25.0,0.25,44.8,6847.0,13.0,0.13,,,,,,,,,,,,,47.8,5047.0,1.0,0.34,,,,,,,,,,,,,48.3,9653.0,147.0,0.04,,,,,37.7,14520.0,90.0,0.0,,,,,,,,,,,,,,,,,,,,,,,,,,,,,48.4,14080.0,12.0,0.28,44.3,14201.0,84.0,0.46,,,,,,,,,,,,,,,,,45.4,13793.0,14.0,0.17,,,,,,,,,48.8,13153.0,39.0,0.26,,,,,47.8,10752.0,15.0,0.33,48.3,10180.0,4.0,0.25,49.9,14717.0,33.0,0.32,,,,,,,,,,,,,48.6,9777.0,21.0,0.27,,,,,,,,,,,,,,,,,,,,,46.1,3488.0,4.0,0.28,,,,,,,,,43.8,14973.0,49.0,0.28,,,,,,,,,,,,,50.1,11514.0,5.0,0.29,43.0,14312.0,65.0,0.25,49.1,9996.0,69.0,0.2,,,,,,,,,50.5,10002.0,15.0,0.29,,,,,,,,,,,,,44.1,3223.0,3.0,0.27,39.0,15358.0,35.0,0.25,,,,,48.6,11458.0,38.0,0.25,45.2,15230.0,49.0,0.29,,,,,,,,,48.3,9748.0,42.0,0.16,49.8,12694.0,12.0,0.22,,,,,46.0,13269.0,31.0,0.22,,,,,44.5,6126.0,12.0,0.1,,,,,44.2,506.0,1.0,0.34,50.0,13183.0,13.0,0.21,,,,,,,,,43.9,12216.0,58.0,0.31,,,,,,,,,,,,,,,,,50.5,10990.0,31.0,0.27,,,,,,,,,,,,,50.0,10784.0,19.0,0.08,,,,,,,,,,,,,,,,,,,,,44.7,13436.0,32.0,0.25,,,,,50.3,11355.0,22.0,0.27,,,,,,,,,,,,,,,,,48.3,12156.0,27.0,0.42,,,,,,,,,,,,,,,,,,,,,,,,,45.3,14310.0,49.0,0.2,,,,,,,,,42.7,14156.0,38.0,0.2,,,,,47.6,1707.0,4.0,0.18,,,,,49.7,9744.0,28.0,0.36,,,,,,,,,43.9,14438.0,21.0,0.19,45.9,1397.0,4.0,0.24,,,,,,,,,,,,,,,,,,,,,,,,,,,,,,,,,45.0,13372.0,34.0,0.2,50.1,10960.0,9.0,0.25,44.5,13022.0,45.0,0.27,,,,,,,,,,,,,,,,,,,,,,,,,50.4,11053.0,21.0,0.24,45.1,14700.0,51.0,0.22,,,,,,,,,43.8,1240.0,9.0,0.07,45.2,15811.0,27.0,0.2,,,,
E,5Q,45.0,12347.0,72.0,0.18,,,,,48.1,12455.0,20.0,0.2,,,,,,,,,48.2,9507.0,30.0,0.33,,,,,,,,,,,,,,,,,,,,,,,,,,,,,45.2,14185.0,18.0,0.13,,,,,45.3,13300.0,19.0,0.22,34.1,4560.0,17.0,0.12,,,,,,,,,,,,,45.7,4082.0,5.0,0.31,,,,,,,,,,,,,49.7,9553.0,144.0,0.05,,,,,,,,,,,,,,,,,,,,,,,,,,,,,,,,,,,,,47.5,13420.0,15.0,0.31,43.9,12964.0,57.0,0.29,,,,,,,,,,,,,,,,,43.5,12431.0,20.0,0.14,,,,,,,,,47.9,12630.0,48.0,0.32,,,,,45.6,10744.0,17.0,0.32,47.3,10177.0,4.0,0.25,48.7,14414.0,36.0,0.34,,,,,,,,,,,,,49.7,9775.0,21.0,0.23,,,,,,,,,,,,,,,,,,,,,45.5,3484.0,1.0,0.18,,,,,,,,,44.4,14403.0,33.0,0.25,,,,,,,,,,,,,48.7,11512.0,6.0,0.27,42.9,14457.0,54.0,0.23,48.8,9973.0,68.0,0.26,,,,,,,,,47.8,9582.0,14.0,0.32,,,,,,,,,,,,,45.7,3230.0,3.0,0.21,42.2,14112.0,23.0,0.17,,,,,48.7,11392.0,37.0,0.35,44.4,14385.0,38.0,0.21,,,,,,,,,50.0,9734.0,47.0,0.21,48.2,12206.0,13.0,0.23,,,,,43.2,12980.0,28.0,0.17,,,,,29.7,1876.0,74.0,0.22,,,,,41.7,503.0,0.0,0.33,48.2,12800.0,18.0,0.21,,,,,,,,,43.8,11217.0,44.0,0.28,,,,,,,,,,,,,,,,,49.3,10968.0,35.0,0.25,,,,,,,,,,,,,49.4,10779.0,19.0,0.08,,,,,,,,,,,,,,,,,,,,,45.6,12807.0,22.0,0.22,,,,,49.1,11347.0,24.0,0.22,,,,,,,,,,,,,,,,,49.2,12153.0,28.0,0.5,,,,,,,,,,,,,,,,,,,,,,,,,44.4,13402.0,32.0,0.17,,,,,,,,,36.3,12364.0,33.0,0.21,,,,,28.1,10.0,8.0,0.1,,,,,48.0,9722.0,30.0,0.35,,,,,,,,,44.9,13901.0,13.0,0.17,46.1,1253.0,2.0,0.2,,,,,,,,,,,,,,,,,,,,,,,,,,,,,,,,,47.6,12954.0,16.0,0.16,50.4,10959.0,9.0,0.29,45.4,12583.0,33.0,0.26,,,,,,,,,,,,,,,,,,,,,,,,,49.0,11050.0,21.0,0.2,44.2,13857.0,41.0,0.17,,,,,,,,,35.9,961.0,19.0,0.15,43.1,14684.0,29.0,0.16,,,,
E,7Q,44.6,12334.0,63.0,0.0,,,,,50.0,12474.0,20.0,0.0,,,,,,,,,50.4,9535.0,21.0,0.0,,,,,,,,,,,,,,,,,,,,,,,,,,,,,45.5,14196.0,21.0,0.0,,,,,45.2,13280.0,27.0,0.0,45.9,6340.0,5.0,0.0,,,,,,,,,,,,,47.9,4094.0,2.0,0.0,,,,,,,,,,,,,51.0,9553.0,144.0,0.0,,,,,40.3,12946.0,32.0,0.0,,,,,,,,,,,,,,,,,,,,,,,,,,,,,47.7,13445.0,17.0,0.0,44.1,12965.0,69.0,0.0,,,,,,,,,,,,,,,,,44.5,12148.0,14.0,0.0,,,,,,,,,49.2,12647.0,45.0,0.0,,,,,46.0,10731.0,24.0,0.0,47.4,10174.0,4.0,0.0,50.0,14416.0,37.0,0.0,,,,,,,,,,,,,49.4,9775.0,21.0,0.0,,,,,,,,,,,,,,,,,,,,,46.1,3472.0,2.0,0.0,,,,,,,,,44.3,14385.0,39.0,0.0,,,,,,,,,,,,,49.6,11512.0,5.0,0.0,42.9,14454.0,59.0,0.0,50.0,9977.0,70.0,0.0,,,,,,,,,47.8,9579.0,13.0,0.0,,,,,,,,,,,,,45.5,3229.0,2.0,0.0,43.1,14103.0,16.0,0.0,,,,,50.3,11425.0,33.0,0.0,44.7,14388.0,40.0,0.0,,,,,,,,,49.7,9733.0,44.0,0.0,49.8,12233.0,19.0,0.0,,,,,44.2,13022.0,33.0,0.0,,,,,45.6,5872.0,11.0,0.0,,,,,41.6,502.0,0.0,0.0,49.6,12834.0,14.0,0.0,,,,,,,,,44.6,11306.0,34.0,0.0,,,,,,,,,,,,,,,,,50.5,10972.0,32.0,0.0,,,,,,,,,,,,,50.9,10778.0,19.0,0.0,,,,,,,,,,,,,,,,,,,,,45.7,12827.0,17.0,0.0,,,,,50.2,11345.0,24.0,0.0,,,,,,,,,,,,,,,,,50.5,12155.0,27.0,0.0,,,,,,,,,,,,,,,,,,,,,,,,,44.9,13437.0,37.0,0.0,,,,,,,,,44.2,13034.0,19.0,0.0,,,,,48.8,1705.0,0.0,0.0,,,,,49.5,9736.0,29.0,0.0,,,,,,,,,44.5,13871.0,18.0,0.0,47.5,1180.0,0.0,0.0,,,,,,,,,,,,,,,,,,,,,,,,,,,,,,,,,47.2,12925.0,23.0,0.0,,,,,45.7,12506.0,32.0,0.0,,,,,,,,,,,,,,,,,,,,,,,,,48.5,11051.0,21.0,0.0,45.2,13872.0,39.0,0.0,,,,,,,,,46.5,1254.0,1.0,0.0,44.2,14684.0,25.0,0.0,,,,
E,8Q,47.7,12446.0,43.0,0.0,,,,,46.1,12474.0,20.0,0.0,,,,,,,,,46.0,9537.0,21.0,0.0,,,,,,,,,,,,,,,,,,,,,,,,,,,,,48.4,13945.0,16.0,0.0,,,,,48.2,13244.0,15.0,0.0,46.9,4846.0,4.0,0.0,,,,,,,,,,,,,42.9,4092.0,1.0,0.0,,,,,,,,,,,,,47.7,9553.0,144.0,0.0,,,,,,,,,,,,,,,,,,,,,,,,,,,,,,,,,,,,,48.6,13443.0,11.0,0.0,46.9,13042.0,34.0,0.0,,,,,,,,,,,,,,,,,47.5,10031.0,12.0,0.0,,,,,,,,,45.3,12653.0,40.0,0.0,,,,,46.7,10739.0,15.0,0.0,48.6,10180.0,4.0,0.0,45.9,14375.0,54.0,0.0,,,,,,,,,,,,,46.4,9775.0,21.0,0.0,,,,,,,,,,,,,,,,,,,,,48.8,3477.0,1.0,0.0,,,,,,,,,47.2,13759.0,21.0,0.0,,,,,,,,,,,,,45.3,11511.0,6.0,0.0,45.7,14655.0,32.0,0.0,46.6,9983.0,68.0,0.0,,,,,,,,,44.4,9595.0,13.0,0.0,,,,,,,,,,,,,48.4,3251.0,9.0,0.0,45.8,13177.0,30.0,0.0,,,,,46.6,11424.0,33.0,0.0,47.4,14486.0,17.0,0.0,44.4,9482.0,1442.0,0.0,,,,,46.9,9732.0,43.0,0.0,45.4,12258.0,13.0,0.0,,,,,46.6,13052.0,18.0,0.0,,,,,48.1,3385.0,1.0,0.0,,,,,44.5,505.0,0.0,0.0,45.4,12840.0,13.0,0.0,,,,,,,,,47.1,11360.0,23.0,0.0,,,,,,,,,,,,,,,,,46.7,10979.0,32.0,0.0,,,,,,,,,,,,,47.1,10778.0,19.0,0.0,,,,,,,,,,,,,,,,,,,,,48.6,12880.0,14.0,0.0,,,,,46.4,11349.0,23.0,0.0,,,,,,,,,,,,,,,,,46.6,12153.0,27.0,0.0,,,,,,,,,,,,,,,,,,,,,,,,,47.6,13428.0,19.0,0.0,,,,,,,,,44.7,12338.0,11.0,0.0,,,,,50.2,383.0,0.0,0.0,,,,,44.8,9733.0,26.0,0.0,,,,,,,,,47.8,13333.0,21.0,0.0,,,,,,,,,,,,,,,,,,,,,,,,,,,,,,,,,,,,,50.4,12912.0,12.0,0.0,,,,,48.4,12525.0,25.0,0.0,,,,,,,,,,,,,,,,,,,,,,,,,45.6,11049.0,21.0,0.0,47.6,13934.0,37.0,0.0,,,,,,,,,46.9,1216.0,0.0,0.0,46.7,14298.0,26.0,0.0,,,,
G,1C,45.2,28340.0,251.0,0.32,45.4,24164.0,350.0,0.46,45.9,29625.0,84.0,0.19,45.7,28491.0,52.0,0.34,46.7,28487.0,45.0,0.44,47.5,29489.0,261.0,0.31,42.5,34240.0,102.0,0.42,43.7,31792.0,92.0,0.39,43.6,27411.0,165.0,0.5,45.0,31280.0,43.0,0.46,44.6,30828.0,113.0,0.38,44.9,29885.0,83.0,0.4,42.5,33978.0,118.0,0.41,43.2,32661.0,81.0,0.25,45.2,26894.0,90.0,0.37,44.7,28771.0,103.0,0.38,44.5,17218.0,39.0,0.31,41.0,30651.0,132.0,0.51,44.7,29618.0,115.0,0.4,44.4,29059.0,105.0,0.46,47.2,33656.0,76.0,0.31,44.7,19530.0,249.0,0.62,41.5,28515.0,162.0,0.44,43.1,33782.0,76.0,0.37,45.2,28605.0,682.0,0.06,42.4,26100.0,56.0,0.4,40.1,32286.0,139.0,0.44,43.3,33008.0,224.0,0.34,45.2,34087.0,50.0,0.4,43.2,25884.0,163.0,0.51,46.7,27049.0,35.0,0.44,45.3,28900.0,101.0,0.51,43.5,31704.0,119.0,0.51,44.5,29761.0,64.0,0.29,48.2,30434.0,94.0,0.36,44.5,33450.0,165.0,0.55,47.2,33981.0,82.0,0.5,46.6,31193.0,99.0,0.56,42.4,28876.0,118.0,0.39,44.4,28041.0,173.0,0.38,46.1,31247.0,33.0,0.2,44.1,30922.0,88.0,0.44,46.2,29593.0,208.0,0.39,46.5,30413.0,126.0,0.23,44.0,31120.0,164.0,0.37,47.5,31162.0,78.0,0.32,48.0,29161.0,42.0,0.3,47.8,34118.0,69.0,0.32,47.8,29188.0,56.0,0.43,47.2,32049.0,139.0,0.52,45.6,27355.0,75.0,0.3,45.5,30052.0,91.0,0.34,45.2,27092.0,288.0,0.33,45.1,27210.0,80.0,0.34,44.5,30113.0,31.0,0.43,43.7,31647.0,129.0,0.41,43.8,32118.0,117.0,0.54,45.5,7878.0,25.0,0.39,45.6,34452.0,104.0,0.39,43.8,31804.0,190.0,0.66,44.1,33798.0,155.0,0.38,46.2,26114.0,100.0,0.54,44.8,27917.0,98.0,0.36,44.9,30287.0,51.0,0.45,47.5,33259.0,41.0,0.33,43.4,32687.0,162.0,0.36,46.5,31587.0,347.0,0.29,44.9,31098.0,92.0,0.37,47.3,34812.0,51.0,0.5,48.9,26107.0,90.0,0.31,47.3,29552.0,32.0,0.41,43.7,33905.0,122.0,0.42,47.4,23288.0,115.0,0.42,42.7,12046.0,44.0,0.48,40.9,33839.0,189.0,0.38,44.4,31251.0,285.0,0.5,46.2,27014.0,183.0,0.27,45.4,31697.0,110.0,0.4,47.6,30547.0,183.0,0.36,43.5,30725.0,339.0,0.43,44.8,29552.0,328.0,0.23,47.9,30142.0,114.0,0.23,44.8,31714.0,242.0,0.43,45.5,31277.0,74.0,0.34,45.6,28896.0,26.0,0.55,44.4,14482.0,19.0,0.36,44.6,22829.0,80.0,0.52,45.2,1435.0,0.0,0.56,47.9,30460.0,126.0,0.24,43.7,31471.0,121.0,0.63,41.3,33208.0,93.0,0.46,44.5,27365.0,127.0,0.4,44.8,29122.0,29.0,0.43,44.4,35040.0,86.0,0.54,44.8,33435.0,98.0,0.56,46.4,34732.0,74.0,0.6,47.9,31617.0,89.0,0.25,44.2,31149.0,149.0,0.39,45.2,29997.0,34.0,0.46,44.2,29962.0,209.0,0.45,47.9,29373.0,129.0,0.13,43.4,32663.0,170.0,0.63,44.4,33064.0,54.0,0.43,46.3,29518.0,70.0,0.38,43.4,24392.0,523.0,0.42,43.8,28923.0,183.0,0.72,44.9,29109.0,85.0,0.37,45.0,29136.0,152.0,0.38,47.9,33584.0,53.0,0.29,43.8,33494.0,111.0,0.35,44.7,34214.0,55.0,0.43,47.6,30372.0,43.0,0.3,45.7,31157.0,48.0,0.38,45.0,29995.0,239.0,0.47,44.5,34080.0,169.0,0.62,44.9,30699.0,32.0,0.49,43.0,29963.0,100.0,0.33,43.6,31699.0,34.0,0.48,44.5,33581.0,585.0,0.86,46.5,29319.0,25.0,0.49,46.0,30377.0,94.0,0.25,44.9,28352.0,30.0,0.42,45.5,27500.0,100.0,0.41,43.7,31673.0,84.0,0.33,43.8,31812.0,95.0,0.44,44.7,2873.0,22.0,0.55,45.0,30042.0,35.0,0.5,47.3,31370.0,116.0,0.33,47.1,34594.0,62.0,0.47,43.7,31006.0,67.0,0.42,44.0,31147.0,63.0,0.29,45.3,22797.0,49.0,0.23,45.1,27685.0,52.0,0.35,44.5,25928.0,17.0,0.24,44.1,32882.0,63.0,0.92,46.0,29320.0,56.0,0.47,44.6,31145.0,43.0,0.38,47.4,28792.0,212.0,0.42,47.2,27788.0,83.0,0.47,45.9,29401.0,93.0,0.22,45.1,29742.0,51.0,0.26,48.4,27980.0,32.0,0.26,45.1,27105.0,123.0,0.4,45.0,30314.0,51.0,0.48,45.0,28864.0,95.0,0.66,47.2,35112.0,80.0,0.54,43.8,26290.0,117.0,0.51,45.0,32625.0,42.0,0.34,47.5,29559.0,47.0,0.45,48.2,30733.0,96.0,0.27,45.9,30540.0,68.0,0.24,47.5,31954.0,50.0,0.43,46.1,24129.0,61.0,0.41,40.9,5547.0,11.0,0.35,45.6,36133.0,68.0,0.24,44.4,32854.0,50.0,0.44
G,1W,31.4,27968.0,175.0,0.33,,,,,,,,,33.3,28381.0,54.0,0.37,36.0,28085.0,59.0,0.34,,,,,,,,,,,,,,,,,32.7,30728.0,127.0,0.46,,,,,,,,,,,,,30.2,32585.0,77.0,0.26,,,,,32.2,28613.0,89.0,0.38,34.5,16857.0,38.0,0.31,28.7,29425.0,304.0,0.52,,,,,,,,,,,,,,,,,,,,,,,,,,,,,,,,,24.4,29979.0,87.0,0.44,,,,,,,,,,,,,35.9,26841.0,57.0,0.36,32.1,28640.0,119.0,0.54,,,,,,,,,,,,,30.8,33221.0,125.0,0.55,34.9,33613.0,113.0,0.5,32.6,30735.0,176.0,0.57,,,,,,,,,33.9,31189.0,34.0,0.21,,,,,,,,,,,,,,,,,,,,,,,,,,,,,36.7,29021.0,56.0,0.31,35.4,30774.0,164.0,0.51,,,,,,,,,,,,,,,,,32.0,28809.0,96.0,0.43,,,,,,,,,33.7,7684.0,6.0,0.39,,,,,,,,,30.3,33546.0,135.0,0.38,35.3,25028.0,166.0,0.5,,,,,32.5,28852.0,117.0,0.39,,,,,28.2,32205.0,117.0,0.35,,,,,,,,,35.1,34605.0,66.0,0.48,,,,,34.6,29430.0,40.0,0.38,,,,,38.3,22618.0,152.0,0.35,28.1,11930.0,30.0,0.47,25.5,33408.0,137.0,0.38,,,,,,,,,32.5,31467.0,96.0,0.4,,,,,,,,,,,,,,,,,,,,,32.0,31186.0,58.0,0.35,32.1,28525.0,101.0,0.64,31.9,14426.0,20.0,0.36,,,,,30.2,1433.0,0.0,0.56,,,,,,,,,,,,,32.2,27204.0,105.0,0.4,34.7,29100.0,37.0,0.4,31.1,34025.0,474.0,0.57,32.6,32196.0,400.0,0.54,34.5,34307.0,155.0,0.47,,,,,,,,,32.1,29243.0,154.0,0.45,,,,,,,,,,,,,32.3,31929.0,135.0,0.41,35.4,29146.0,65.0,0.34,,,,,,,,,32.5,29014.0,78.0,0.37,,,,,,,,,,,,,31.2,32845.0,276.0,0.45,35.8,30363.0,45.0,0.31,33.2,31052.0,73.0,0.41,,,,,,,,,32.5,29197.0,167.0,0.47,,,,,31.1,30818.0,105.0,0.47,,,,,33.8,29309.0,23.0,0.44,33.5,30157.0,76.0,0.26,31.5,27466.0,85.0,0.43,,,,,31.7,30761.0,71.0,0.33,31.1,30120.0,350.0,0.47,32.5,2822.0,13.0,0.5,32.4,29191.0,129.0,0.45,,,,,34.3,34127.0,128.0,0.52,,,,,30.8,31079.0,61.0,0.3,32.5,22469.0,49.0,0.23,,,,,32.0,25908.0,17.0,0.24,,,,,34.5,28537.0,147.0,0.45,,,,,35.8,28783.0,212.0,0.43,35.6,27614.0,78.0,0.35,,,,,35.6,29689.0,42.0,0.26,,,,,33.3,26834.0,94.0,0.4,33.5,29376.0,232.0,0.47,,,,,35.2,34782.0,170.0,0.54,,,,,31.3,32361.0,104.0,0.4,36.7,29529.0,50.0,0.39,,,,,33.5,30429.0,56.0,0.24,35.8,31580.0,59.0,0.47,35.5,23634.0,85.0,0.37,24.1,5479.0,7.0,0.35,32.5,36055.0,65.0,0.25,30.5,32481.0,161.0,0.41
G,2L,41.3,17161.0,131.0,0.34,,,,,,,,,42.5,17259.0,44.0,0.53,,,,,,,,,,,,,,,,,,,,,,,,,,,,,,,,,,,,,41.3,20252.0,64.0,0.29,,,,,42.0,17283.0,72.0,0.38,42.3,11059.0,30.0,0.29,,,,,,,,,,,,,,,,,,,,,,,,,,,,,,,,,,,,,37.9,20930.0,92.0,0.48,,,,,,,,,,,,,,,,,41.8,17505.0,96.0,0.67,,,,,,,,,,,,,40.5,20631.0,138.0,0.44,,,,,40.9,18739.0,112.0,0.67,,,,,,,,,41.5,19186.0,37.0,0.27,,,,,,,,,,,,,,,,,,,,,,,,,,,,,,,,,,,,,,,,,,,,,,,,,,,,,,,,,,,,,,,,,40.8,5423.0,19.0,0.38,,,,,,,,,40.6,20909.0,114.0,0.39,,,,,,,,,,,,,,,,,39.4,20501.0,130.0,0.39,,,,,,,,,,,,,,,,,,,,,,,,,,,,,40.5,7249.0,32.0,0.48,39.7,21412.0,133.0,0.36,,,,,,,,,41.5,18834.0,73.0,0.35,,,,,,,,,,,,,,,,,,,,,40.9,19115.0,60.0,0.34,,,,,41.6,9105.0,15.0,0.35,,,,,39.1,861.0,3.0,0.54,,,,,,,,,,,,,41.5,17443.0,101.0,0.43,,,,,,,,,,,,,,,,,,,,,,,,,,,,,,,,,,,,,,,,,,,,,,,,,,,,,,,,,42.0,17619.0,73.0,0.39,,,,,,,,,,,,,,,,,,,,,42.6,18637.0,31.0,0.48,,,,,,,,,,,,,,,,,,,,,,,,,,,,,41.6,18847.0,66.0,0.28,,,,,,,,,40.9,20205.0,53.0,0.36,,,,,41.7,2007.0,15.0,0.43,,,,,,,,,,,,,,,,,41.2,18673.0,69.0,0.32,41.1,12527.0,27.0,0.26,,,,,41.4,15895.0,10.0,0.3,,,,,,,,,,,,,,,,,,,,,,,,,43.4,18287.0,38.0,0.23,,,,,42.4,16350.0,101.0,0.4,,,,,,,,,,,,,,,,,41.7,19380.0,28.0,0.45,,,,,,,,,41.8,18205.0,48.0,0.29,,,,,,,,,39.1,3863.0,8.0,0.32,41.1,22226.0,58.0,0.28,,,,
G,2W,31.4,27968.0,175.0,0.3,35.4,22837.0,160.0,0.56,40.7,29569.0,84.0,0.18,33.3,28381.0,54.0,0.41,36.0,28084.0,59.0,0.35,41.7,29275.0,261.0,0.26,29.8,33196.0,234.0,0.43,30.6,30974.0,240.0,0.4,30.2,25669.0,145.0,0.42,32.7,30728.0,127.0,0.5,32.1,29881.0,210.0,0.38,32.0,29177.0,113.0,0.39,29.6,33244.0,226.0,0.38,30.2,32585.0,77.0,0.22,33.5,26235.0,48.0,0.35,32.2,28613.0,89.0,0.27,34.5,16857.0,38.0,0.22,28.7,29425.0,304.0,0.55,32.1,28601.0,161.0,0.39,30.0,27494.0,171.0,0.41,41.0,33576.0,77.0,0.25,33.1,18673.0,205.0,0.67,28.7,26735.0,189.0,0.38,28.9,33136.0,146.0,0.36,42.5,28533.0,696.0,0.07,30.8,25564.0,115.0,0.35,24.4,29979.0,87.0,0.31,30.9,32047.0,356.0,0.33,32.0,33969.0,89.0,0.38,30.3,25017.0,143.0,0.52,35.9,26841.0,57.0,0.38,32.1,28640.0,119.0,0.53,29.3,30612.0,147.0,0.39,32.3,29141.0,110.0,0.3,40.6,30047.0,90.0,0.27,30.8,33221.0,125.0,0.28,34.9,33613.0,113.0,0.51,32.8,30734.0,175.0,0.57,29.0,27477.0,124.0,0.35,32.8,26934.0,203.0,0.32,33.9,31189.0,34.0,0.23,29.6,30036.0,126.0,0.46,34.0,28795.0,150.0,0.37,38.3,30216.0,193.0,0.24,31.9,30222.0,270.0,0.36,38.4,30870.0,85.0,0.26,40.0,29013.0,36.0,0.22,41.2,34056.0,86.0,0.28,36.7,29021.0,56.0,0.32,35.4,30774.0,164.0,0.5,33.8,26250.0,50.0,0.3,37.2,29984.0,96.0,0.25,33.0,27018.0,311.0,0.33,34.0,26169.0,99.0,0.38,32.0,28809.0,96.0,0.49,31.2,30955.0,335.0,0.39,30.2,30599.0,169.0,0.38,33.7,7684.0,6.0,0.2,33.1,34024.0,78.0,0.39,29.9,30347.0,127.0,0.39,30.3,33546.0,135.0,0.29,35.3,25028.0,166.0,0.52,33.2,27110.0,184.0,0.37,32.5,28852.0,117.0,0.42,39.9,33242.0,46.0,0.26,28.2,32205.0,117.0,0.28,41.8,31455.0,396.0,0.28,32.8,30421.0,93.0,0.36,35.1,34605.0,66.0,0.47,42.7,26003.0,77.0,0.24,34.6,29430.0,40.0,0.41,29.6,33190.0,287.0,0.43,38.3,22618.0,152.0,0.36,28.1,11930.0,30.0,0.31,25.5,33408.0,137.0,0.34,31.7,29948.0,116.0,0.48,41.8,26922.0,198.0,0.25,32.5,31467.0,96.0,0.23,41.3,30384.0,204.0,0.27,30.8,29670.0,483.0,0.43,41.4,29432.0,358.0,0.24,42.1,29980.0,116.0,0.21,32.8,30639.0,293.0,0.4,32.0,31186.0,58.0,0.19,32.1,28525.0,101.0,0.61,31.9,14426.0,20.0,0.2,31.3,21679.0,51.0,0.37,30.2,1433.0,0.0,0.46,41.5,30333.0,141.0,0.22,30.3,30093.0,227.0,0.42,27.8,30267.0,104.0,0.35,32.2,27204.0,105.0,0.27,34.7,29100.0,37.0,0.41,31.1,34025.0,474.0,0.58,32.6,32196.0,400.0,0.6,34.5,34307.0,155.0,0.46,41.9,31566.0,93.0,0.22,30.9,30330.0,65.0,0.35,32.1,29243.0,154.0,0.5,32.2,28765.0,511.0,0.43,42.4,29243.0,107.0,0.11,29.5,31069.0,133.0,0.37,32.3,31929.0,135.0,0.48,35.4,29146.0,65.0,0.34,30.4,23780.0,548.0,0.45,30.1,27003.0,92.0,0.42,32.5,29014.0,78.0,0.25,32.7,28206.0,239.0,0.4,41.5,33530.0,76.0,0.21,30.5,32513.0,218.0,0.35,31.2,32845.0,276.0,0.49,35.8,30363.0,45.0,0.34,33.2,31052.0,73.0,0.4,41.2,29892.0,235.0,0.47,29.5,33432.0,345.0,0.46,32.5,29197.0,167.0,0.47,29.9,29124.0,144.0,0.32,31.1,30818.0,105.0,0.53,29.3,33095.0,641.0,0.87,33.8,29309.0,23.0,0.47,33.5,30157.0,76.0,0.31,31.5,27465.0,84.0,0.44,34.1,26934.0,57.0,0.41,31.7,30761.0,71.0,0.27,31.1,30120.0,350.0,0.49,32.5,2822.0,13.0,0.31,32.4,29191.0,129.0,0.48,41.2,31259.0,121.0,0.26,34.3,34127.0,128.0,0.56,31.2,29794.0,272.0,0.41,30.8,31079.0,61.0,0.28,32.5,22469.0,49.0,0.18,33.5,27225.0,42.0,0.33,32.0,25908.0,17.0,0.28,30.0,32185.0,96.0,0.6,34.5,28537.0,147.0,0.49,32.1,30359.0,62.0,0.38,35.8,28783.0,212.0,0.47,35.6,27614.0,78.0,0.36,33.1,29241.0,77.0,0.21,35.6,29689.0,42.0,0.28,44.3,27964.0,35.0,0.22,33.3,26834.0,94.0,0.31,33.5,29376.0,232.0,0.53,30.7,28014.0,118.0,0.45,35.2,34782.0,170.0,0.54,29.2,25264.0,224.0,0.45,31.3,32361.0,104.0,0.42,36.7,29529.0,50.0,0.36,42.0,30655.0,86.0,0.21,33.5,30429.0,56.0,0.23,35.8,31580.0,59.0,0.49,35.5,23634.0,85.0,0.41,24.1,5479.0,7.0,0.25,32.5,36055.0,65.0,0.29,30.5,32481.0,161.0,0.4
G,5Q,47.2,11003.0,49.0,0.0,,,,,50.0,11025.0,25.0,0.0,,,,,,,,,49.5,11051.0,95.0,0.0,,,,,,,,,,,,,,,,,,,,,,,,,,,,,47.8,12269.0,17.0,0.0,,,,,48.6,10740.0,18.0,0.0,35.6,5393.0,8.0,0.0,,,,,,,,,,,,,49.5,12517.0,14.0,0.0,,,,,,,,,,,,,50.9,10811.0,255.0,0.0,,,,,,,,,,,,,,,,,,,,,,,,,,,,,,,,,,,,,49.5,11045.0,17.0,0.0,46.3,12526.0,47.0,0.0,,,,,,,,,,,,,,,,,46.4,11104.0,11.0,0.0,,,,,,,,,49.7,11209.0,67.0,0.0,,,,,47.4,11794.0,43.0,0.0,49.1,11049.0,12.0,0.0,50.2,13109.0,28.0,0.0,,,,,,,,,,,,,50.5,11330.0,24.0,0.0,,,,,,,,,,,,,,,,,,,,,47.4,1944.0,6.0,0.0,,,,,,,,,46.8,12794.0,24.0,0.0,,,,,,,,,,,,,50.0,12579.0,14.0,0.0,45.5,12251.0,35.0,0.0,50.3,11705.0,133.0,0.0,,,,,,,,,49.6,9981.0,15.0,0.0,,,,,,,,,,,,,46.5,3277.0,10.0,0.0,44.5,12721.0,37.0,0.0,,,,,50.4,10273.0,69.0,0.0,47.5,11717.0,19.0,0.0,,,,,,,,,50.8,10991.0,111.0,0.0,50.2,11122.0,37.0,0.0,,,,,45.9,11355.0,32.0,0.0,,,,,32.2,1469.0,9.0,0.0,,,,,47.2,414.0,0.0,0.0,49.8,11481.0,43.0,0.0,,,,,,,,,46.8,10414.0,32.0,0.0,,,,,,,,,,,,,,,,,50.4,12209.0,32.0,0.0,,,,,,,,,,,,,50.8,10884.0,53.0,0.0,,,,,,,,,,,,,,,,,,,,,48.6,10607.0,14.0,0.0,,,,,50.2,12895.0,24.0,0.0,,,,,,,,,,,,,,,,,,,,,,,,,,,,,,,,,,,,,,,,,,,,,46.9,11611.0,27.0,0.0,,,,,,,,,38.6,11802.0,30.0,0.0,,,,,,,,,,,,,49.7,11969.0,42.0,0.0,,,,,,,,,48.1,11283.0,12.0,0.0,46.8,8159.0,14.0,0.0,,,,,,,,,,,,,,,,,,,,,,,,,,,,,46.0,11720.0,50.0,0.0,49.9,11901.0,14.0,0.0,51.6,11070.0,13.0,0.0,48.6,10285.0,23.0,0.0,,,,,,,,,,,,,,,,,,,,,,,,,50.3,11493.0,30.0,0.0,47.3,11445.0,25.0,0.0,,,,,,,,,34.1,1442.0,18.0,0.0,46.0,13255.0,24.0,0.0,,,,
R,1C,44.9,22494.0,194.0,1.36,46.0,18212.0,323.0,3.72,43.2,23564.0,58.0,0.79,47.4,23386.0,80.0,1.43,47.9,22648.0,73.0,1.46,45.8,21992.0,154.0,1.57,42.6,24964.0,108.0,1.43,43.7,22030.0,229.0,1.76,42.1,21460.0,175.0,1.31,44.9,21368.0,37.0,1.71,44.9,25637.0,122.0,0.98,45.1,25067.0,96.0,1.28,42.3,24511.0,187.0,1.71,43.8,26254.0,47.0,1.06,46.2,19731.0,77.0,3.2,44.5,22950.0,128.0,1.39,39.1,11885.0,65.0,1.16,42.2,23574.0,92.0,1.3,45.2,21860.0,126.0,1.57,44.6,24129.0,120.0,1.25,44.6,25149.0,63.0,1.58,43.1,13692.0,254.0,1.83,40.7,20134.0,233.0,1.8,43.1,23808.0,83.0,1.41,43.3,24126.0,490.0,0.89,42.5,20354.0,129.0,1.19,32.9,15245.0,157.0,1.39,44.3,23422.0,186.0,1.54,46.3,27348.0,45.0,1.15,43.1,17655.0,182.0,1.92,48.1,22170.0,39.0,1.19,47.0,24093.0,70.0,1.12,42.6,26143.0,170.0,1.31,45.2,23877.0,67.0,1.12,46.8,24565.0,79.0,1.22,45.1,22911.0,118.0,1.42,49.1,26970.0,47.0,1.58,49.2,24530.0,60.0,1.5,41.5,20495.0,164.0,1.48,45.2,21190.0,150.0,1.15,47.3,23911.0,57.0,0.97,44.7,25655.0,95.0,1.25,46.7,24835.0,185.0,1.08,42.1,24715.0,139.0,1.05,44.3,23506.0,153.0,1.7,46.5,22845.0,75.0,1.31,47.0,22047.0,29.0,1.18,46.1,27084.0,55.0,0.94,,,,,48.6,25869.0,183.0,1.44,46.5,21441.0,63.0,1.2,36.9,17030.0,119.0,1.25,45.6,21229.0,218.0,1.23,45.5,21028.0,114.0,1.43,44.3,20240.0,36.0,2.16,45.0,23901.0,81.0,1.31,44.9,23362.0,81.0,1.3,47.5,5849.0,34.0,1.78,46.4,27267.0,69.0,1.04,42.9,22643.0,342.0,1.76,44.7,26493.0,126.0,0.99,46.2,21174.0,149.0,1.94,45.4,22013.0,152.0,1.35,42.4,20742.0,44.0,1.59,44.2,25883.0,111.0,1.68,42.3,23071.0,197.0,1.55,45.1,26066.0,233.0,1.03,46.2,24873.0,99.0,1.17,49.6,27160.0,49.0,1.56,47.7,20693.0,73.0,0.99,,,,,42.3,23875.0,229.0,1.56,48.0,17678.0,119.0,2.04,42.9,8639.0,38.0,1.39,38.9,22965.0,147.0,1.63,44.1,25013.0,178.0,1.25,43.5,21075.0,158.0,1.38,46.0,23225.0,63.0,1.19,45.5,25013.0,138.0,1.05,44.8,21502.0,259.0,1.47,42.0,23996.0,319.0,1.38,45.7,22864.0,85.0,0.93,46.0,25527.0,169.0,1.14,46.4,23871.0,62.0,0.99,45.1,22337.0,30.0,1.73,39.8,10548.0,47.0,1.24,44.0,17798.0,88.0,1.55,44.3,1218.0,3.0,1.95,45.7,23663.0,71.0,0.95,43.6,22980.0,136.0,1.41,41.4,23184.0,231.0,1.75,45.1,20581.0,96.0,1.41,45.5,23727.0,35.0,1.56,43.9,26624.0,89.0,1.37,44.9,26773.0,47.0,1.68,47.9,26954.0,51.0,1.5,46.3,26702.0,83.0,1.01,44.3,25581.0,82.0,1.02,45.0,24790.0,37.0,1.74,44.6,24213.0,245.0,1.13,45.9,24949.0,92.0,0.7,43.9,23654.0,135.0,1.82,45.1,26733.0,37.0,1.42,47.2,24570.0,47.0,1.5,44.3,16592.0,376.0,2.12,44.5,21017.0,167.0,1.89,45.1,22994.0,120.0,1.14,40.4,19773.0,180.0,1.27,46.1,27329.0,57.0,0.87,45.1,26799.0,97.0,1.01,45.5,26938.0,48.0,1.77,49.6,24788.0,38.0,1.21,45.0,24782.0,41.0,1.07,43.6,21774.0,159.0,1.23,45.1,26801.0,226.0,0.98,44.2,22549.0,26.0,1.61,42.8,21277.0,150.0,1.26,43.5,22216.0,48.0,1.45,45.6,24638.0,458.0,1.8,47.5,22387.0,27.0,1.28,46.1,25229.0,180.0,1.12,43.7,23799.0,40.0,1.3,46.3,22235.0,131.0,3.22,41.3,23682.0,126.0,1.27,43.2,24201.0,72.0,1.69,40.6,2158.0,12.0,1.15,44.3,23588.0,51.0,1.67,45.8,22606.0,75.0,1.15,48.6,27172.0,43.0,1.41,44.3,25699.0,99.0,1.42,44.2,25283.0,383.0,1.29,46.6,15648.0,36.0,0.8,46.4,21667.0,47.0,3.65,40.6,18696.0,31.0,1.7,43.7,26484.0,66.0,1.39,46.9,24109.0,72.0,1.68,43.8,25981.0,114.0,1.2,,,,,48.7,20853.0,76.0,0.97,46.3,23761.0,122.0,0.45,45.7,23678.0,104.0,1.34,47.4,22259.0,60.0,1.14,44.8,21553.0,200.0,1.33,46.1,20786.0,24.0,1.6,45.1,22246.0,75.0,1.41,49.4,27371.0,50.0,1.47,43.2,21706.0,157.0,1.74,47.2,25509.0,37.0,0.88,48.7,24394.0,52.0,1.57,46.5,25774.0,63.0,0.83,46.4,25630.0,74.0,1.08,49.3,25963.0,46.0,1.47,46.4,18305.0,73.0,1.85,40.7,3565.0,28.0,0.45,47.0,27670.0,71.0,0.89,46.5,25529.0,38.0,1.18
R,2C,41.5,20463.0,169.0,1.34,43.2,16787.0,219.0,3.75,,,,,42.5,22341.0,98.0,1.39,43.7,21757.0,74.0,1.39,41.6,20516.0,169.0,1.51,39.4,24258.0,110.0,1.32,39.6,20602.0,270.0,1.64,41.7,20537.0,156.0,1.23,40.0,20374.0,124.0,1.67,41.0,24450.0,116.0,0.92,41.4,23913.0,101.0,1.14,39.8,23630.0,198.0,1.59,41.9,24618.0,51.0,0.98,42.2,18499.0,45.0,3.22,41.1,21394.0,112.0,1.32,43.2,11314.0,29.0,0.99,40.5,22775.0,166.0,1.37,41.1,20715.0,122.0,1.45,40.4,23160.0,151.0,1.25,,,,,40.4,13314.0,239.0,1.82,39.2,19462.0,225.0,1.68,40.2,22140.0,72.0,1.35,41.5,22584.0,527.0,0.86,39.5,19564.0,116.0,1.04,39.0,19944.0,86.0,1.56,40.5,22122.0,180.0,1.57,40.6,26149.0,51.0,1.09,40.3,17005.0,184.0,1.94,44.3,21711.0,44.0,1.29,42.2,23094.0,108.0,1.13,41.7,25031.0,186.0,1.03,41.6,22726.0,66.0,1.0,42.6,23214.0,96.0,1.07,40.8,21447.0,116.0,1.43,42.9,25896.0,151.0,1.83,41.7,23458.0,102.0,1.4,39.9,19934.0,161.0,1.35,41.4,20183.0,176.0,1.03,42.2,22508.0,81.0,1.04,40.1,23492.0,126.0,1.24,41.1,23563.0,162.0,1.1,,,,,40.9,22349.0,166.0,1.5,41.2,21508.0,179.0,1.03,42.4,21088.0,75.0,1.11,41.2,25702.0,166.0,0.9,,,,,43.0,24734.0,284.0,1.46,42.4,20371.0,47.0,1.34,,,,,41.6,20225.0,205.0,1.23,41.7,20214.0,115.0,1.29,39.3,19642.0,102.0,1.94,40.3,22759.0,80.0,1.23,40.8,22430.0,96.0,1.17,42.2,5391.0,21.0,1.46,41.8,26123.0,79.0,0.99,39.6,21827.0,355.0,1.57,41.4,24356.0,127.0,1.02,40.6,20262.0,254.0,1.91,42.0,21029.0,143.0,1.34,,,,,,,,,39.2,20802.0,190.0,1.44,,,,,42.3,23334.0,67.0,1.2,43.8,26106.0,155.0,1.45,43.6,19669.0,64.0,0.85,,,,,40.3,22927.0,234.0,1.48,43.3,16856.0,206.0,1.84,41.1,8459.0,27.0,1.32,39.7,21540.0,114.0,1.46,41.7,23951.0,169.0,1.11,,,,,41.1,21685.0,87.0,1.07,,,,,40.7,20160.0,264.0,1.48,42.1,22618.0,372.0,1.29,41.5,21611.0,86.0,1.01,42.2,24396.0,170.0,1.04,41.1,22289.0,93.0,1.1,39.1,21601.0,95.0,1.66,41.3,9981.0,29.0,1.19,42.4,17037.0,83.0,1.49,39.6,1202.0,4.0,1.62,40.5,21944.0,119.0,0.99,40.5,22254.0,141.0,1.24,40.2,22329.0,227.0,1.63,41.7,19277.0,99.0,1.46,38.7,22882.0,68.0,1.59,40.6,25685.0,197.0,1.39,40.3,25716.0,169.0,1.91,43.1,25834.0,144.0,1.6,,,,,41.4,24462.0,75.0,0.91,39.3,23934.0,124.0,1.94,41.3,23236.0,255.0,1.1,41.8,23539.0,101.0,0.72,40.0,22442.0,147.0,1.61,40.0,25665.0,142.0,1.74,43.6,23642.0,73.0,1.43,40.8,15290.0,362.0,2.42,40.6,20045.0,155.0,1.7,41.7,21472.0,96.0,1.06,40.9,18425.0,166.0,1.16,,,,,41.2,25521.0,89.0,0.96,39.8,25816.0,154.0,1.69,42.7,23866.0,67.0,1.39,,,,,,,,,42.5,25570.0,232.0,1.16,39.0,21868.0,108.0,1.94,40.0,19961.0,145.0,1.17,38.7,21180.0,178.0,1.59,38.6,21693.0,741.0,1.99,42.2,21531.0,95.0,1.34,41.5,23500.0,144.0,1.05,41.1,22915.0,45.0,1.25,43.1,20998.0,95.0,3.42,42.1,22693.0,63.0,1.25,39.0,23141.0,179.0,1.94,42.6,2164.0,9.0,1.01,39.5,22622.0,149.0,1.72,,,,,42.9,26087.0,137.0,1.36,40.9,24489.0,105.0,1.42,41.3,24120.0,62.0,1.23,41.7,14212.0,32.0,0.77,42.7,20595.0,51.0,3.44,41.6,17843.0,30.0,1.65,41.9,25125.0,83.0,1.2,40.7,23204.0,155.0,1.72,41.6,24996.0,115.0,1.08,,,,,43.2,20054.0,151.0,1.18,41.5,21794.0,108.0,0.54,44.3,22578.0,85.0,1.05,,,,,41.6,19819.0,140.0,1.24,40.7,19691.0,127.0,1.89,41.3,21344.0,74.0,1.3,43.9,26279.0,144.0,1.59,40.3,20811.0,178.0,1.81,,,,,43.6,23445.0,150.0,1.35,43.1,24483.0,72.0,0.81,42.2,24018.0,78.0,0.97,43.4,24926.0,158.0,1.54,41.9,17671.0,121.0,2.03,41.1,3280.0,6.0,0.45,42.2,26379.0,74.0,0.93,41.9,24551.0,47.0,1.29
R,3Q,42.1,77.0,70.0,0.0,,,,,,,,,,,,,,,,,,,,,,,,,,,,,,,,,,,,,,,,,,,,,,,,,,,,,,,,,39.5,104.0,101.0,0.0,38.9,268.0,114.0,0.0,,,,,,,,,,,,,,,,,,,,,,,,,,,,,,,,,,,,,38.3,258.0,114.0,0.0,,,,,,,,,,,,,,,,,,,,,,,,,,,,,,,,,41.3,91.0,89.0,0.0,,,,,,,,,,,,,,,,,42.8,62.0,58.0,0.0,,,,,,,,,,,,,,,,,,,,,,,,,,,,,,,,,,,,,,,,,,,,,,,,,,,,,,,,,,,,,,,,,41.0,329.0,109.0,0.0,,,,,,,,,41.7,115.0,102.0,0.0,,,,,,,,,,,,,,,,,41.3,79.0,75.0,0.0,,,,,,,,,,,,,,,,,,,,,,,,,,,,,40.7,76.0,74.0,0.0,41.5,45.0,41.0,0.0,,,,,,,,,38.3,98.0,95.0,0.0,,,,,,,,,,,,,,,,,,,,,41.0,67.0,63.0,0.0,,,,,40.3,111.0,109.0,0.0,,,,,28.1,1.0,0.0,0.0,,,,,,,,,,,,,,,,,,,,,,,,,,,,,,,,,,,,,,,,,,,,,,,,,,,,,,,,,,,,,,,,,,,,,,,,,40.6,124.0,122.0,0.0,,,,,,,,,,,,,,,,,,,,,,,,,,,,,,,,,,,,,,,,,,,,,,,,,,,,,42.1,84.0,82.0,0.0,,,,,,,,,39.8,464.0,180.0,0.0,,,,,39.5,52.0,51.0,0.0,,,,,,,,,,,,,,,,,40.8,85.0,82.0,0.0,37.7,3.0,2.0,0.0,,,,,,,,,,,,,,,,,,,,,,,,,,,,,,,,,,,,,,,,,40.3,115.0,111.0,0.0,,,,,,,,,,,,,,,,,,,,,,,,,,,,,41.2,133.0,120.0,0.0,,,,,,,,,41.6,81.0,80.0,0.0,39.0,52.0,45.0,0.0,,,,
S,1C,41.6,13940.0,149.0,2.56,,,,,45.4,5760.0,0.0,0.0,,,,,,,,,,,,,,,,,49.8,5760.0,0.0,2.65,,,,,,,,,39.5,6147.0,22.0,2.7,41.2,9147.0,338.0,0.0,,,,,,,,,,,,,44.2,8640.0,0.0,0.0,,,,,38.0,8619.0,21.0,0.87,41.5,11520.0,0.0,1.64,,,,,47.0,11517.0,2.0,0.0,,,,,,,,,42.1,14394.0,6.0,0.47,42.5,8290.0,793.0,0.0,,,,,,,,,46.8,8576.0,33.0,1.24,39.6,11509.0,7.0,1.84,,,,,,,,,,,,,,,,,39.6,11516.0,20.0,1.48,48.8,6020.0,231.0,0.0,43.1,17179.0,13.0,0.0,42.7,8640.0,0.0,0.0,,,,,38.3,10620.0,468.0,1.21,47.4,8640.0,0.0,0.76,40.9,14373.0,2.0,1.24,37.4,5757.0,2.0,0.0,,,,,45.9,5760.0,0.0,0.0,,,,,44.6,5760.0,0.0,0.0,44.6,5760.0,0.0,0.0,44.7,6320.0,352.0,0.0,44.9,17242.0,7.0,1.0,42.9,8640.0,0.0,2.74,,,,,43.8,5760.0,0.0,0.0,,,,,41.4,11478.0,7.0,0.68,,,,,,,,,,,,,,,,,38.1,7411.0,116.0,0.0,,,,,38.3,6202.0,3.0,0.0,,,,,41.9,8309.0,29.0,1.25,,,,,46.9,11520.0,0.0,0.0,41.8,14310.0,1.0,0.0,44.4,7107.0,632.0,0.0,38.1,10308.0,146.0,1.49,42.7,8640.0,0.0,2.76,46.9,11519.0,1.0,0.0,46.9,8642.0,1.0,1.52,40.9,17190.0,1.0,0.93,,,,,,,,,41.8,17272.0,7.0,0.0,38.1,8033.0,140.0,0.0,45.9,5760.0,0.0,0.0,44.1,13046.0,15.0,0.0,47.4,5730.0,2.0,0.0,46.5,8606.0,74.0,1.27,43.3,5760.0,0.0,0.0,,,,,37.2,2876.0,2.0,0.89,42.7,17191.0,1.0,0.0,,,,,,,,,,,,,,,,,46.8,6827.0,690.0,0.0,,,,,43.2,8710.0,18.0,1.86,41.0,12368.0,2.0,0.0,,,,,,,,,,,,,39.4,14291.0,5.0,1.12,41.0,10666.0,273.0,0.0,38.4,8631.0,7.0,0.0,,,,,37.7,11533.0,262.0,1.03,46.8,5760.0,0.0,0.0,,,,,,,,,,,,,42.4,8710.0,156.0,0.69,,,,,40.2,12483.0,3.0,0.0,44.4,9654.0,134.0,0.0,42.7,5760.0,0.0,0.0,37.3,7970.0,341.0,1.41,,,,,,,,,,,,,,,,,,,,,,,,,46.3,8639.0,28.0,1.21,45.0,14508.0,76.0,0.41,43.5,13614.0,236.0,0.43,48.9,11431.0,1.0,0.52,41.5,14310.0,1.0,1.5,,,,,,,,,,,,,,,,,,,,,42.3,14399.0,1.0,0.38,45.0,8216.0,6.0,0.0,42.8,8640.0,0.0,2.77,32.4,6.0,5.0,0.0,43.2,9526.0,7.0,2.18,,,,,,,,,40.4,11519.0,1.0,0.0,43.2,8637.0,3.0,0.75,38.7,11517.0,3.0,0.46,38.6,14285.0,1.0,1.37,42.1,14276.0,179.0,0.89,42.5,8280.0,12.0,0.52,,,,,42.6,14311.0,1.0,0.0,47.6,8640.0,0.0,0.0,42.4,12568.0,4.0,0.0,,,,,,,,,44.3,5760.0,0.0,2.78,,,,,,,,,43.0,14394.0,6.0,1.3,46.7,5758.0,2.0,0.0,,,,,42.7,17279.0,1.0,1.32,41.0,13528.0,22.0,0.78,,,,,43.3,11376.0,7.0,0.95,,,,
S,5I,40.8,10461.0,362.0,1.42,,,,,,,,,,,,,,,,,,,,,,,,,52.3,2880.0,0.0,3.4,,,,,,,,,44.2,2880.0,0.0,3.4,,,,,,,,,,,,,,,,,,,,,,,,,40.4,2860.0,18.0,0.7,42.1,8640.0,0.0,1.42,,,,,,,,,,,,,,,,,46.4,5757.0,3.0,0.24,,,,,,,,,,,,,45.7,8576.0,33.0,1.41,42.1,5750.0,5.0,1.9,,,,,,,,,,,,,,,,,43.8,8622.0,8.0,1.43,,,,,,,,,,,,,,,,,33.5,4251.0,477.0,0.99,49.5,8640.0,0.0,0.5,41.1,5756.0,2.0,0.25,,,,,,,,,,,,,,,,,,,,,,,,,,,,,45.9,11422.0,59.0,1.2,47.8,2852.0,27.0,3.39,,,,,,,,,,,,,44.0,5735.0,6.0,0.51,,,,,,,,,,,,,,,,,,,,,,,,,,,,,,,,,44.0,8295.0,17.0,1.35,,,,,,,,,,,,,,,,,40.9,8590.0,7.0,1.24,46.9,2853.0,26.0,3.41,,,,,47.0,5734.0,25.0,1.63,41.4,8640.0,0.0,0.57,,,,,,,,,,,,,,,,,,,,,,,,,,,,,47.3,8248.0,49.0,1.42,,,,,,,,,44.2,2876.0,2.0,0.49,,,,,,,,,,,,,,,,,,,,,,,,,,,,,48.7,5825.0,17.0,1.87,,,,,,,,,,,,,,,,,39.8,5744.0,19.0,0.65,,,,,,,,,,,,,41.1,5685.0,235.0,0.76,,,,,,,,,,,,,,,,,41.3,4350.0,80.0,0.25,,,,,,,,,,,,,,,,,39.9,6775.0,263.0,0.76,,,,,,,,,,,,,,,,,,,,,,,,,46.8,8620.0,14.0,1.4,50.6,8514.0,109.0,0.42,45.0,5445.0,95.0,0.23,48.9,8640.0,0.0,0.39,41.2,11390.0,1.0,1.03,,,,,,,,,,,,,,,,,,,,,46.7,8634.0,5.0,0.28,,,,,46.9,2852.0,27.0,3.47,,,,,44.9,8365.0,1.0,1.5,,,,,,,,,,,,,43.3,8637.0,3.0,0.3,47.2,2877.0,3.0,0.36,38.9,11520.0,0.0,1.17,43.7,8820.0,141.0,0.45,37.8,2756.0,8.0,0.46,,,,,,,,,,,,,,,,,,,,,,,,,45.0,2846.0,33.0,3.44,,,,,,,,,45.2,8532.0,83.0,1.41,,,,,,,,,43.4,11414.0,84.0,1.2,45.6,4580.0,147.0,0.8,,,,,42.1,11376.0,7.0,0.28,,,,
E,1X,,,,,45.9,10854.0,29.0,0.32,,,,,,,,,47.3,12152.0,16.0,0.38,,,,,43.8,10825.0,5.0,0.23,44.4,16295.0,27.0,0.24,45.2,11998.0,28.0,0.28,46.1,14097.0,16.0,0.41,45.2,14525.0,34.0,0.24,45.3,13750.0,24.0,0.26,43.7,10541.0,25.0,0.24,,,,,45.3,12338.0,18.0,0.22,,,,,,,,,41.5,13304.0,38.0,0.54,45.6,13577.0,28.0,0.26,45.8,12809.0,26.0,0.27,,,,,45.0,7286.0,46.0,0.45,41.8,9496.0,14.0,0.24,43.4,15642.0,19.0,0.21,,,,,42.9,8064.0,10.0,0.23,,,,,44.2,15531.0,71.0,0.2,45.7,16148.0,15.0,0.26,43.3,8791.0,58.0,0.36,47.6,11457.0,13.0,0.41,,,,,44.8,14133.0,38.0,0.31,45.6,13451.0,16.0,0.17,,,,,,,,,48.1,14783.0,17.0,0.42,,,,,43.5,12531.0,13.0,0.2,45.3,12566.0,59.0,0.24,,,,,44.3,15089.0,27.0,0.27,46.7,11536.0,30.0,0.3,,,,,44.5,14421.0,52.0,0.25,,,,,,,,,,,,,48.2,13301.0,15.0,0.41,48.0,14092.0,21.0,0.45,45.5,12524.0,33.0,0.2,,,,,45.7,9745.0,97.0,0.22,45.7,11865.0,20.0,0.2,45.6,13268.0,2.0,0.39,44.4,11276.0,30.0,0.24,44.9,14239.0,12.0,0.29,,,,,46.1,13168.0,14.0,0.29,45.6,13984.0,32.0,0.36,,,,,46.8,12271.0,16.0,0.53,45.1,13243.0,38.0,0.21,43.3,3141.0,1.0,0.61,,,,,,,,,,,,,45.5,14387.0,20.0,0.25,47.9,14977.0,16.0,0.47,,,,,47.7,13956.0,6.0,0.39,44.2,15324.0,59.0,0.32,48.2,10338.0,19.0,0.34,,,,,,,,,45.0,11821.0,35.0,0.32,,,,,,,,,49.7,11803.0,33.0,0.39,43.8,14401.0,142.0,0.28,,,,,,,,,45.3,14889.0,66.0,0.23,,,,,47.5,8285.0,4.0,0.41,,,,,45.8,9912.0,21.0,0.33,,,,,,,,,45.0,13938.0,29.0,0.29,41.3,14321.0,6.0,0.28,,,,,45.6,12429.0,16.0,0.42,45.2,15215.0,34.0,0.51,46.0,14998.0,28.0,0.46,47.5,15342.0,31.0,0.55,,,,,44.7,12135.0,13.0,0.25,46.6,12904.0,9.0,0.37,45.7,12878.0,52.0,0.23,,,,,44.6,14498.0,21.0,0.37,45.8,14756.0,12.0,0.37,47.0,12259.0,15.0,0.39,43.8,10653.0,242.0,0.24,44.9,13266.0,45.0,0.45,,,,,45.0,13457.0,21.0,0.24,,,,,44.9,14818.0,26.0,0.19,46.2,14512.0,15.0,0.34,47.7,13168.0,23.0,0.34,,,,,,,,,45.5,15472.0,49.0,0.35,46.0,12985.0,7.0,0.46,43.2,14138.0,34.0,0.22,44.9,13939.0,8.0,0.43,45.3,15301.0,273.0,0.37,48.2,12422.0,10.0,0.46,,,,,45.2,12317.0,10.0,0.4,45.4,12597.0,21.0,0.26,,,,,44.8,13750.0,17.0,0.39,,,,,45.6,13706.0,11.0,0.47,,,,,47.8,15757.0,20.0,0.42,44.6,14006.0,15.0,0.22,,,,,,,,,45.1,12955.0,12.0,0.22,,,,,45.2,14261.0,26.0,0.55,46.5,13223.0,14.0,0.45,44.9,14364.0,12.0,0.24,47.8,12832.0,88.0,0.44,48.0,12698.0,30.0,0.41,,,,,,,,,,,,,,,,,45.4,11938.0,8.0,0.47,46.3,12974.0,17.0,0.33,48.1,15090.0,22.0,0.45,45.5,11238.0,29.0,0.25,,,,,47.8,13886.0,17.0,0.41,,,,,,,,,48.1,14779.0,15.0,0.41,46.6,10364.0,18.0,0.38,,,,,,,,,44.4,13846.0,20.0,0.37
E,5X,,,,,46.6,9676.0,22.0,0.5,,,,,,,,,49.1,11581.0,17.0,0.23,,,,,44.0,10820.0,7.0,0.31,45.8,15673.0,31.0,0.34,46.9,10978.0,30.0,0.31,47.7,13134.0,16.0,0.29,46.7,13674.0,28.0,0.33,44.3,13213.0,26.0,0.4,44.1,10539.0,24.0,0.31,,,,,46.0,11018.0,16.0,0.28,,,,,,,,,45.6,12078.0,38.0,0.29,47.2,13245.0,31.0,0.34,45.9,11819.0,29.0,0.29,,,,,45.0,7264.0,50.0,0.65,42.2,9479.0,16.0,0.31,42.1,14206.0,18.0,0.27,,,,,45.0,8057.0,10.0,0.28,,,,,43.3,14171.0,65.0,0.23,46.6,14990.0,14.0,0.32,44.1,8764.0,64.0,0.58,49.6,10986.0,12.0,0.27,,,,,46.3,13114.0,42.0,0.27,47.8,12499.0,15.0,0.22,,,,,,,,,40.7,13982.0,17.0,0.21,,,,,37.5,11569.0,10.0,0.3,47.4,11716.0,69.0,0.34,,,,,43.9,14108.0,31.0,0.37,45.7,11520.0,31.0,0.35,,,,,45.8,13490.0,52.0,0.31,,,,,,,,,,,,,47.2,12431.0,14.0,0.28,48.9,13301.0,24.0,0.21,46.5,11171.0,24.0,0.24,,,,,46.5,9745.0,97.0,0.29,47.0,10570.0,16.0,0.33,46.3,12091.0,4.0,0.27,45.4,11261.0,32.0,0.27,45.4,12963.0,12.0,0.27,,,,,45.7,13162.0,17.0,0.33,46.8,12953.0,31.0,0.32,,,,,49.1,11383.0,16.0,0.35,46.7,12243.0,36.0,0.29,33.5,2114.0,2.0,0.6,,,,,,,,,,,,,45.4,13248.0,20.0,0.32,49.0,14091.0,16.0,0.17,,,,,47.2,13310.0,7.0,0.33,44.8,15119.0,63.0,0.42,51.7,10266.0,20.0,0.24,,,,,,,,,46.0,11809.0,36.0,0.42,,,,,,,,,47.0,11690.0,49.0,0.42,44.4,13006.0,128.0,0.38,,,,,,,,,47.2,13926.0,63.0,0.29,,,,,49.6,7517.0,3.0,0.13,,,,,46.9,9009.0,22.0,0.3,,,,,,,,,47.1,12729.0,28.0,0.26,45.8,13771.0,8.0,0.29,,,,,45.7,11878.0,16.0,0.34,48.0,14170.0,31.0,0.34,48.3,14241.0,28.0,0.35,45.3,14765.0,24.0,0.32,,,,,44.2,12128.0,17.0,0.27,49.8,12030.0,9.0,0.21,47.4,11916.0,57.0,0.33,,,,,46.4,13007.0,23.0,0.33,48.8,14025.0,12.0,0.22,47.7,11812.0,14.0,0.26,42.2,9404.0,219.0,0.36,45.7,12050.0,48.0,0.41,,,,,39.7,12424.0,21.0,0.34,,,,,45.9,14320.0,24.0,0.24,48.8,14323.0,15.0,0.19,47.3,11455.0,34.0,0.25,,,,,,,,,42.9,14532.0,86.0,0.35,48.8,12558.0,7.0,0.29,43.8,12635.0,32.0,0.28,45.4,12666.0,17.0,0.31,41.8,13345.0,250.0,0.31,48.7,11570.0,10.0,0.37,,,,,46.0,11881.0,11.0,0.2,46.6,11241.0,19.0,0.37,,,,,47.7,13212.0,18.0,0.18,,,,,48.3,12717.0,12.0,0.29,,,,,49.2,14906.0,19.0,0.18,47.6,13180.0,15.0,0.28,,,,,,,,,46.6,11560.0,10.0,0.29,,,,,45.0,13307.0,25.0,0.57,49.2,12104.0,13.0,0.33,46.7,13378.0,12.0,0.35,47.4,12180.0,156.0,0.28,48.4,11567.0,28.0,0.25,,,,,,,,,,,,,,,,,47.3,10857.0,9.0,0.36,46.8,11944.0,15.0,0.35,48.7,14342.0,23.0,0.24,47.2,10541.0,29.0,0.29,,,,,48.5,13018.0,18.0,0.23,,,,,,,,,45.1,13960.0,15.0,0.23,49.3,9272.0,17.0,0.28,,,,,,,,,39.8,13061.0,19.0,0.36
G,2X,,,,,45.2,14567.0,178.0,0.38,,,,,,,,,46.2,17189.0,25.0,0.48,,,,,42.9,20728.0,116.0,0.32,43.2,18891.0,124.0,0.32,,,,,43.7,19029.0,28.0,0.58,43.5,18477.0,131.0,0.35,43.7,17793.0,84.0,0.36,42.8,20767.0,139.0,0.33,,,,,44.2,16723.0,38.0,0.33,,,,,,,,,42.5,18241.0,81.0,0.53,43.4,18465.0,136.0,0.35,,,,,,,,,43.8,11732.0,220.0,0.56,42.9,17107.0,230.0,0.37,41.6,21091.0,53.0,0.33,,,,,42.1,16060.0,86.0,0.35,,,,,43.1,20642.0,211.0,0.29,43.4,20681.0,40.0,0.34,43.2,15650.0,155.0,0.44,46.1,17047.0,23.0,0.49,,,,,,,,,44.2,17962.0,74.0,0.27,,,,,,,,,45.7,19905.0,59.0,0.52,,,,,43.0,17215.0,118.0,0.33,44.1,17053.0,155.0,0.33,,,,,42.2,18459.0,101.0,0.43,43.9,17636.0,122.0,0.35,,,,,43.5,19080.0,173.0,0.35,,,,,,,,,,,,,46.0,17463.0,40.0,0.44,45.5,18714.0,65.0,0.53,44.5,16725.0,33.0,0.24,,,,,44.2,16803.0,192.0,0.29,44.4,16788.0,134.0,0.33,42.7,18390.0,15.0,0.57,43.1,19411.0,157.0,0.34,43.0,19630.0,128.0,0.43,,,,,43.9,21043.0,65.0,0.35,43.4,18625.0,173.0,0.53,,,,,44.8,15776.0,64.0,0.64,44.1,17218.0,157.0,0.35,,,,,,,,,,,,,,,,,43.8,19259.0,51.0,0.3,45.9,20502.0,31.0,0.49,,,,,46.3,17144.0,15.0,0.44,42.4,20835.0,106.0,0.38,46.6,14080.0,82.0,0.5,,,,,,,,,43.6,19010.0,155.0,0.42,,,,,,,,,44.3,18287.0,90.0,0.2,42.9,19098.0,326.0,0.35,,,,,,,,,44.1,19156.0,214.0,0.4,,,,,43.3,17116.0,13.0,0.56,,,,,,,,,,,,,,,,,43.2,19351.0,181.0,0.5,43.4,20230.0,94.0,0.34,,,,,45.2,17494.0,18.0,0.46,43.4,20810.0,68.0,0.55,44.0,19447.0,52.0,0.66,44.8,20729.0,40.0,0.6,,,,,43.4,18893.0,92.0,0.33,43.2,18337.0,23.0,0.6,43.6,18432.0,271.0,0.39,,,,,42.8,20061.0,180.0,0.5,44.1,19448.0,33.0,0.52,45.9,18065.0,38.0,0.44,42.5,15113.0,317.0,0.33,42.9,17380.0,172.0,0.57,,,,,43.6,18042.0,174.0,0.35,,,,,42.8,20428.0,110.0,0.33,43.1,20261.0,32.0,0.56,45.1,18462.0,25.0,0.4,,,,,,,,,,,,,43.0,18618.0,26.0,0.63,42.9,18590.0,140.0,0.3,43.5,18304.0,24.0,0.6,40.9,20401.0,390.0,1.09,45.7,17617.0,16.0,0.53,,,,,43.9,17120.0,17.0,0.54,44.7,16726.0,51.0,0.3,,,,,43.2,19290.0,74.0,0.5,,,,,43.5,18262.0,21.0,0.62,,,,,45.0,20360.0,38.0,0.55,43.8,18387.0,113.0,0.32,,,,,,,,,44.3,17009.0,21.0,0.31,,,,,43.3,20350.0,45.0,0.72,44.2,17801.0,36.0,0.6,43.9,19151.0,39.0,0.34,46.2,17373.0,117.0,0.45,45.3,16707.0,48.0,0.48,,,,,,,,,,,,,,,,,44.3,18291.0,41.0,0.58,,,,,45.8,20726.0,47.0,0.55,,,,,,,,,46.1,17243.0,23.0,0.43,,,,,,,,,46.1,18699.0,28.0,0.48,45.6,14437.0,38.0,0.52,,,,,,,,,43.5,19582.0,28.0,0.48
G,5X,,,,,49.8,9235.0,134.0,0.0,,,,,,,,,51.6,11117.0,20.0,0.0,,,,,46.8,12935.0,73.0,0.0,48.4,12794.0,73.0,0.0,,,,,49.5,12199.0,16.0,0.0,49.6,11416.0,82.0,0.0,47.5,11038.0,55.0,0.0,46.8,12770.0,95.0,0.0,,,,,49.9,10513.0,20.0,0.0,,,,,,,,,48.2,11365.0,53.0,0.0,49.7,11333.0,95.0,0.0,,,,,,,,,47.9,7545.0,174.0,0.0,44.9,10887.0,145.0,0.0,45.4,13552.0,32.0,0.0,,,,,47.9,9871.0,53.0,0.0,,,,,46.4,12504.0,157.0,0.0,49.2,12889.0,25.0,0.0,47.4,9573.0,92.0,0.0,52.4,10806.0,15.0,0.0,,,,,,,,,50.7,11036.0,46.0,0.0,,,,,,,,,42.9,12299.0,44.0,0.0,,,,,39.4,11060.0,84.0,0.0,50.2,10779.0,104.0,0.0,,,,,47.9,11776.0,36.0,0.0,48.9,10873.0,96.0,0.0,,,,,48.8,11706.0,116.0,0.0,,,,,,,,,,,,,50.2,10790.0,27.0,0.0,51.8,11443.0,39.0,0.0,50.6,10414.0,24.0,0.0,,,,,49.5,10529.0,124.0,0.0,49.2,10309.0,82.0,0.0,49.1,11163.0,7.0,0.0,48.7,11942.0,94.0,0.0,48.5,11937.0,78.0,0.0,,,,,48.4,13248.0,38.0,0.0,48.8,12220.0,103.0,0.0,,,,,50.7,10077.0,35.0,0.0,49.0,11011.0,102.0,0.0,41.8,11110.0,14.0,0.0,,,,,,,,,,,,,48.7,12384.0,26.0,0.0,51.8,12775.0,19.0,0.0,,,,,50.5,11072.0,11.0,0.0,47.5,12760.0,72.0,0.0,53.0,8674.0,41.0,0.0,,,,,,,,,48.7,11897.0,99.0,0.0,,,,,,,,,49.0,11311.0,59.0,0.0,47.5,11693.0,231.0,0.0,,,,,,,,,49.9,11940.0,132.0,0.0,,,,,50.4,10647.0,6.0,0.0,,,,,,,,,,,,,,,,,48.8,12323.0,133.0,0.0,48.2,12864.0,63.0,0.0,,,,,47.7,11286.0,14.0,0.0,49.7,13080.0,37.0,0.0,50.3,12022.0,34.0,0.0,50.8,13033.0,28.0,0.0,,,,,47.0,11747.0,64.0,0.0,50.8,11830.0,15.0,0.0,48.8,11949.0,188.0,0.0,,,,,48.8,12746.0,109.0,0.0,50.5,12122.0,20.0,0.0,50.5,11443.0,23.0,0.0,46.4,8844.0,200.0,0.0,47.8,11620.0,136.0,0.0,,,,,43.1,11087.0,99.0,0.0,,,,,48.8,12788.0,79.0,0.0,50.2,12719.0,20.0,0.0,50.4,11772.0,17.0,0.0,,,,,,,,,,,,,50.4,11687.0,18.0,0.0,46.9,11738.0,90.0,0.0,47.6,12210.0,17.0,0.0,45.2,12960.0,207.0,0.0,50.6,11225.0,11.0,0.0,,,,,48.5,10788.0,13.0,0.0,50.7,10489.0,29.0,0.0,,,,,49.3,12185.0,48.0,0.0,,,,,50.1,11669.0,14.0,0.0,,,,,52.2,12654.0,22.0,0.0,50.5,11357.0,58.0,0.0,,,,,,,,,50.7,10605.0,13.0,0.0,,,,,48.2,12918.0,25.0,0.0,50.7,11433.0,22.0,0.0,49.0,12401.0,30.0,0.0,50.3,11103.0,63.0,0.0,51.0,10698.0,29.0,0.0,,,,,,,,,,,,,,,,,50.4,11375.0,20.0,0.0,48.4,11525.0,60.0,0.0,51.3,12909.0,26.0,0.0,,,,,,,,,51.7,10617.0,14.0,0.0,,,,,,,,,51.5,11570.0,14.0,0.0,50.8,8965.0,24.0,0.0,,,,,,,,,41.9,12385.0,19.0,0.0
J,1C,,,,,47.8,2291.0,1.0,0.23,,,,,,,,,,,,,47.4,2880.0,0.0,0.2,43.2,2873.0,1.0,0.28,,,,,41.8,2263.0,8.0,0.5,,,,,34.6,442.0,4.0,0.53,,,,,45.6,2830.0,5.0,0.26,,,,,46.1,2880.0,0.0,0.28,,,,,46.7,1544.0,0.0,0.17,40.6,2873.0,7.0,0.49,,,,,43.1,1895.0,4.0,0.42,47.3,2880.0,0.0,0.26,,,,,,,,,42.8,2879.0,1.0,0.28,,,,,,,,,43.5,2880.0,0.0,0.17,,,,,36.1,412.0,1.0,0.51,43.5,2847.0,1.0,0.36,,,,,,,,,43.0,2115.0,0.0,0.38,,,,,,,,,39.7,1307.0,17.0,1.01,,,,,,,,,40.0,2880.0,0.0,0.37,,,,,45.0,2875.0,4.0,0.21,36.9,551.0,6.0,0.58,,,,,,,,,,,,,47.4,2880.0,0.0,0.18,47.4,2880.0,0.0,0.22,,,,,,,,,,,,,46.5,2500.0,1.0,0.23,,,,,,,,,45.1,2621.0,9.0,0.31,45.8,2880.0,0.0,0.29,,,,,45.6,2880.0,0.0,0.33,45.9,722.0,0.0,0.22,,,,,44.5,2880.0,0.0,0.45,37.5,792.0,1.0,0.34,38.9,1426.0,2.0,0.78,39.3,1603.0,5.0,0.45,,,,,,,,,,,,,,,,,37.8,1170.0,1.0,0.46,,,,,,,,,,,,,,,,,,,,,43.9,1047.0,0.0,0.23,,,,,,,,,,,,,,,,,,,,,,,,,,,,,,,,,,,,,,,,,46.6,2527.0,1.0,0.47,45.5,1300.0,0.0,0.21,44.6,1636.0,1.0,0.43,44.6,138.0,0.0,0.21,,,,,39.8,2364.0,0.0,0.7,,,,,42.9,2880.0,0.0,0.29,,,,,37.4,1116.0,4.0,0.76,,,,,,,,,,,,,,,,,45.0,1907.0,0.0,0.35,42.0,1948.0,24.0,0.37,,,,,47.8,2880.0,0.0,0.3,,,,,,,,,46.3,2180.0,38.0,0.23,44.3,2785.0,0.0,0.46,,,,,,,,,,,,,,,,,,,,,,,,,,,,,,,,,43.3,1110.0,2.0,0.78,,,,,,,,,,,,,45.0,2723.0,47.0,0.78,,,,,,,,,,,,,46.6,2254.0,5.0,0.24,43.7,2880.0,0.0,0.22,,,,,34.4,270.0,1.0,0.7,39.5,1655.0,1.0,0.72,,,,,,,,,,,,,,,,,47.4,2132.0,0.0,0.11,45.9,2663.0,1.0,0.25,44.3,2880.0,0.0,0.22,36.4,922.0,2.0,2.08,45.9,2062.0,1.0,0.34,,,,,,,,,45.0,2760.0,4.0,0.49,,,,,,,,,,,,,,,,,,,,,43.1,2363.0,2.0,0.58,,,,,42.7,1803.0,4.0,0.5,,,,,,,,,,,,,,,,,,,,,46.8,2372.0,5.0,0.3,36.5,545.0,0.0,0.31,,,,,,,,
J,1X,,,,,50.1,2291.0,1.0,0.16,,,,,,,,,,,,,,,,,45.8,2873.0,1.0,0.23,,,,,43.8,2235.0,24.0,0.39,,,,,37.7,404.0,17.0,0.31,,,,,47.9,2830.0,5.0,0.23,,,,,48.7,2880.0,0.0,0.18,,,,,,,,,42.0,2873.0,7.0,0.45,,,,,45.3,1887.0,11.0,0.37,,,,,,,,,,,,,44.9,2879.0,1.0,0.15,,,,,,,,,,,,,,,,,39.1,401.0,8.0,0.32,45.3,2847.0,1.0,0.3,,,,,,,,,44.8,2111.0,4.0,0.31,,,,,,,,,,,,,,,,,,,,,,,,,,,,,,,,,,,,,,,,,,,,,,,,,,,,,,,,,,,,,,,,,,,,,49.0,2500.0,1.0,0.13,,,,,,,,,,,,,,,,,,,,,,,,,,,,,,,,,46.6,2880.0,0.0,0.37,,,,,,,,,,,,,,,,,,,,,,,,,,,,,40.7,1170.0,1.0,0.34,,,,,,,,,,,,,,,,,,,,,,,,,,,,,,,,,,,,,,,,,,,,,,,,,,,,,,,,,,,,,,,,,,,,,,,,,46.3,1630.0,3.0,0.37,,,,,,,,,42.0,2343.0,10.0,0.5,,,,,,,,,,,,,,,,,,,,,,,,,,,,,,,,,,,,,,,,,,,,,49.7,2880.0,0.0,0.3,,,,,,,,,,,,,46.2,2785.0,0.0,0.38,,,,,,,,,,,,,,,,,,,,,,,,,,,,,,,,,45.1,1104.0,3.0,0.61,,,,,,,,,,,,,47.8,2723.0,47.0,0.66,,,,,,,,,,,,,49.0,2254.0,5.0,0.15,,,,,,,,,,,,,,,,,,,,,,,,,,,,,,,,,,,,,48.3,2663.0,1.0,0.16,,,,,38.8,922.0,2.0,1.57,,,,,,,,,,,,,47.6,2760.0,4.0,0.41,,,,,,,,,,,,,,,,,,,,,45.4,2352.0,8.0,0.45,,,,,44.4,1796.0,9.0,0.4,,,,,,,,,,,,,,,,,,,,,,,,,,,,,,,,,,,,
J,1Z,,,,,47.6,2290.0,2.0,0.41,,,,,,,,,,,,,,,,,43.0,2873.0,1.0,0.45,,,,,41.3,2231.0,24.0,0.47,,,,,34.3,404.0,17.0,0.58,,,,,45.2,2830.0,5.0,0.46,,,,,46.0,2880.0,0.0,0.47,,,,,,,,,40.7,2866.0,10.0,0.52,,,,,42.8,1884.0,13.0,0.39,,,,,,,,,,,,,42.5,2879.0,1.0,0.43,,,,,,,,,,,,,,,,,36.0,401.0,8.0,0.74,43.1,2847.0,1.0,0.55,,,,,,,,,42.5,2111.0,4.0,0.36,,,,,,,,,,,,,,,,,,,,,,,,,,,,,,,,,37.2,513.0,9.0,0.95,,,,,,,,,,,,,,,,,,,,,,,,,,,,,,,,,,,,,,,,,,,,,,,,,45.4,2880.0,0.0,0.31,,,,,45.1,2880.0,0.0,0.36,,,,,,,,,44.2,2880.0,0.0,0.46,,,,,38.9,1387.0,7.0,0.73,,,,,,,,,,,,,,,,,,,,,37.7,1153.0,3.0,0.99,,,,,,,,,,,,,,,,,,,,,,,,,,,,,,,,,,,,,,,,,,,,,,,,,,,,,,,,,,,,,,,,,46.5,2518.0,5.0,0.55,,,,,44.1,1624.0,3.0,0.44,,,,,,,,,39.4,2343.0,10.0,0.68,,,,,,,,,,,,,37.2,1090.0,27.0,0.77,,,,,,,,,,,,,,,,,44.5,1908.0,0.0,0.38,,,,,,,,,47.3,2880.0,0.0,0.36,,,,,,,,,,,,,43.7,2785.0,0.0,0.47,,,,,,,,,,,,,,,,,,,,,,,,,,,,,,,,,42.8,1102.0,4.0,0.77,,,,,,,,,,,,,44.6,2723.0,47.0,0.77,,,,,,,,,,,,,46.4,2235.0,10.0,0.4,,,,,,,,,,,,,39.2,1621.0,6.0,0.67,,,,,,,,,,,,,,,,,,,,,45.8,2647.0,6.0,0.43,,,,,35.9,895.0,25.0,2.18,45.7,2056.0,2.0,0.36,,,,,,,,,44.8,2760.0,4.0,0.49,,,,,,,,,,,,,,,,,,,,,42.9,2351.0,9.0,0.59,,,,,42.2,1792.0,10.0,0.4,,,,,,,,,,,,,,,,,,,,,46.8,2345.0,5.0,0.31,,,,,,,,,,,,
J,2X,,,,,47.6,2288.0,3.0,0.21,,,,,,,,,,,,,,,,,43.9,2873.0,1.0,0.24,,,,,41.9,2235.0,24.0,0.41,,,,,33.3,404.0,17.0,0.43,,,,,46.2,2830.0,5.0,0.23,,,,,45.6,2880.0,0.0,0.23,,,,,,,,,43.0,2873.0,7.0,0.47,,,,,41.1,1887.0,11.0,0.39,,,,,,,,,,,,,42.2,2879.0,1.0,0.24,,,,,,,,,,,,,,,,,33.1,401.0,8.0,0.51,44.2,2847.0,1.0,0.28,,,,,,,,,42.8,2111.0,4.0,0.31,,,,,,,,,,,,,,,,,,,,,40.9,2876.0,4.0,0.28,,,,,,,,,33.2,439.0,12.0,0.71,,,,,,,,,,,,,,,,,,,,,,,,,,,,,,,,,45.9,2497.0,2.0,0.18,,,,,,,,,45.2,2563.0,35.0,0.25,44.7,2880.0,0.0,0.37,,,,,45.0,2880.0,0.0,0.32,,,,,,,,,44.1,2880.0,0.0,0.36,,,,,40.2,1426.0,2.0,0.77,39.2,1579.0,22.0,0.32,,,,,,,,,,,,,,,,,38.5,1169.0,2.0,0.36,,,,,,,,,,,,,,,,,,,,,,,,,,,,,,,,,,,,,,,,,,,,,,,,,,,,,,,,,,,,,,,,,44.8,2527.0,1.0,0.45,,,,,44.4,1630.0,3.0,0.36,,,,,,,,,40.6,2343.0,10.0,0.43,,,,,,,,,,,,,38.9,1115.0,4.0,0.74,,,,,,,,,,,,,,,,,43.3,1907.0,0.0,0.5,42.0,1902.0,43.0,0.38,,,,,47.3,2880.0,0.0,0.31,,,,,,,,,45.7,2180.0,38.0,0.19,43.7,2785.0,0.0,0.37,,,,,,,,,,,,,,,,,,,,,,,,,,,,,,,,,42.3,1103.0,4.0,0.71,,,,,,,,,,,,,42.0,2723.0,47.0,0.79,,,,,,,,,,,,,46.1,2231.0,5.0,0.19,,,,,,,,,,,,,40.6,1655.0,1.0,0.72,,,,,,,,,,,,,,,,,,,,,45.2,2663.0,1.0,0.21,,,,,36.1,907.0,8.0,1.86,45.0,2060.0,1.0,0.42,,,,,,,,,44.1,2760.0,4.0,0.46,,,,,,,,,,,,,,,,,,,,,41.9,2352.0,8.0,0.44,,,,,41.9,1796.0,9.0,0.47,,,,,,,,,,,,,,,,,,,,,47.8,2369.0,7.0,0.31,,,,,,,,,,,,
J,5X,,,,,51.5,2291.0,1.0,0.0,,,,,,,,,,,,,,,,,47.0,2873.0,1.0,0.0,,,,,47.1,2235.0,24.0,0.0,,,,,39.2,404.0,17.0,0.0,,,,,49.2,2830.0,5.0,0.0,,,,,50.4,2880.0,0.0,0.0,,,,,,,,,48.1,2873.0,7.0,0.0,,,,,46.3,1887.0,11.0,0.0,,,,,,,,,,,,,45.5,2879.0,1.0,0.0,,,,,,,,,,,,,,,,,39.0,401.0,8.0,0.0,47.5,2847.0,1.0,0.0,,,,,,,,,47.0,2111.0,4.0,0.0,,,,,,,,,,,,,,,,,,,,,37.0,2876.0,4.0,0.0,,,,,,,,,37.4,551.0,6.0,0.0,,,,,,,,,,,,,,,,,,,,,,,,,,,,,,,,,50.8,2500.0,1.0,0.0,,,,,,,,,49.1,2563.0,35.0,0.0,50.3,2880.0,0.0,0.0,,,,,49.3,2880.0,0.0,0.0,,,,,,,,,49.1,2880.0,0.0,0.0,,,,,45.4,1425.0,2.0,0.0,43.7,1579.0,22.0,0.0,,,,,,,,,,,,,,,,,43.2,1170.0,1.0,0.0,,,,,,,,,,,,,,,,,,,,,,,,,,,,,,,,,,,,,,,,,,,,,,,,,,,,,,,,,,,,,,,,,50.8,2527.0,1.0,0.0,,,,,49.1,1630.0,3.0,0.0,,,,,,,,,46.4,2343.0,10.0,0.0,,,,,,,,,,,,,44.7,1115.0,4.0,0.0,,,,,,,,,,,,,,,,,51.9,1907.0,0.0,0.0,47.2,1907.0,40.0,0.0,,,,,52.2,2880.0,0.0,0.0,,,,,,,,,48.3,2180.0,38.0,0.0,48.6,2785.0,0.0,0.0,,,,,,,,,,,,,,,,,,,,,,,,,,,,,,,,,44.3,1104.0,3.0,0.0,,,,,,,,,,,,,45.9,2723.0,47.0,0.0,,,,,,,,,,,,,51.0,2251.0,5.0,0.0,,,,,,,,,,,,,45.8,1654.0,2.0,0.0,,,,,,,,,,,,,,,,,,,,,50.8,2663.0,1.0,0.0,,,,,40.9,922.0,2.0,0.0,52.3,2061.0,1.0,0.0,,,,,,,,,49.4,2760.0,4.0,0.0,,,,,,,,,,,,,,,,,,,,,47.0,2352.0,8.0,0.0,,,,,47.7,1796.0,9.0,0.0,,,,,,,,,,,,,,,,,,,,,52.2,2369.0,7.0,0.0,,,,,,,,,,,,
R,1P,,,,,44.7,18038.0,250.0,3.71,,,,,46.5,23376.0,80.0,1.52,47.0,22635.0,72.0,1.3,,,,,41.2,24963.0,109.0,1.27,42.3,22021.0,232.0,1.51,40.8,21454.0,174.0,1.19,42.3,21353.0,35.0,1.46,43.4,25630.0,122.0,1.01,43.7,25062.0,94.0,1.09,40.9,24506.0,189.0,1.72,,,,,44.8,19687.0,64.0,3.23,,,,,38.2,11561.0,17.0,1.14,41.6,23565.0,92.0,0.93,43.8,21855.0,128.0,1.55,43.2,24125.0,121.0,1.21,,,,,41.7,13684.0,251.0,1.82,39.4,20129.0,233.0,1.63,41.8,23790.0,79.0,1.17,,,,,41.2,20348.0,128.0,1.15,33.9,13435.0,43.0,1.3,42.8,23419.0,187.0,1.55,44.9,27347.0,45.0,1.13,41.8,17646.0,184.0,1.81,47.4,22166.0,39.0,0.9,46.1,24086.0,71.0,1.5,41.3,26136.0,171.0,1.17,43.7,23873.0,68.0,1.02,,,,,,,,,48.2,26955.0,47.0,1.41,48.2,24524.0,60.0,1.83,40.2,20489.0,168.0,1.31,43.8,21176.0,153.0,1.08,,,,,43.3,25630.0,91.0,1.07,45.2,24824.0,181.0,1.1,,,,,42.9,23498.0,152.0,1.46,,,,,,,,,,,,,,,,,47.7,25842.0,195.0,1.2,45.1,21410.0,51.0,1.22,,,,,44.2,21227.0,218.0,1.15,44.0,21027.0,114.0,1.35,43.6,20232.0,36.0,1.9,43.6,23898.0,81.0,1.25,43.5,23359.0,83.0,1.17,47.5,5733.0,22.0,1.52,44.9,27264.0,70.0,0.95,41.5,22623.0,341.0,1.54,,,,,45.4,21154.0,151.0,1.78,43.9,22006.0,152.0,1.32,41.8,20732.0,45.0,1.16,,,,,,,,,,,,,44.7,24782.0,69.0,1.0,48.7,27158.0,50.0,1.25,,,,,,,,,41.0,23871.0,230.0,1.42,47.6,17664.0,119.0,2.01,,,,,,,,,42.8,25005.0,175.0,1.26,,,,,,,,,,,,,43.4,21498.0,260.0,1.44,,,,,,,,,44.5,25523.0,170.0,1.05,,,,,44.4,22337.0,30.0,1.18,,,,,42.7,17797.0,88.0,1.3,,,,,,,,,42.1,22977.0,136.0,1.24,40.0,23175.0,234.0,1.68,,,,,44.9,23727.0,35.0,1.35,43.3,26606.0,93.0,1.2,44.1,26768.0,48.0,1.54,47.6,26947.0,54.0,1.33,,,,,43.0,25579.0,81.0,0.92,44.2,24784.0,37.0,1.48,43.2,24206.0,248.0,1.06,,,,,42.5,23651.0,134.0,1.65,43.9,26729.0,37.0,1.21,46.4,24565.0,46.0,1.32,43.0,16542.0,364.0,1.95,43.1,21012.0,165.0,1.68,,,,,39.1,19766.0,182.0,1.08,,,,,43.6,26790.0,98.0,0.92,44.7,26928.0,47.0,1.52,48.7,24788.0,38.0,1.06,44.2,24781.0,41.0,1.31,,,,,43.7,26788.0,234.0,1.0,43.5,22544.0,26.0,1.44,41.5,21272.0,151.0,1.14,42.8,22208.0,48.0,1.07,44.2,24635.0,457.0,1.65,46.7,22384.0,27.0,1.1,,,,,43.0,23793.0,39.0,0.94,44.9,22171.0,108.0,3.74,41.1,23082.0,53.0,1.04,42.5,24186.0,75.0,1.46,,,,,43.6,23578.0,52.0,1.58,,,,,47.7,27168.0,43.0,1.03,42.9,25690.0,103.0,1.4,,,,,,,,,45.0,21658.0,47.0,3.73,,,,,42.3,26472.0,66.0,1.04,46.1,24100.0,73.0,1.51,42.4,25980.0,113.0,1.1,,,,,48.0,20848.0,78.0,0.85,,,,,,,,,,,,,,,,,45.4,20780.0,25.0,1.44,43.7,22245.0,75.0,1.29,48.6,27365.0,52.0,1.18,41.9,21706.0,157.0,1.64,46.3,25508.0,37.0,1.02,47.9,24393.0,52.0,1.39,,,,,,,,,48.4,25959.0,46.0,1.19,45.7,18297.0,73.0,1.76,,,,,,,,,45.7,25528.0,39.0,0.98
R,2P,,,,,41.9,16213.0,166.0,3.91,40.9,22343.0,87.0,0.82,42.1,22316.0,103.0,1.56,42.7,21394.0,123.0,1.27,41.2,20564.0,178.0,1.51,38.8,23967.0,172.0,1.29,39.1,20272.0,312.0,1.62,41.0,20471.0,169.0,1.19,39.4,19482.0,228.0,1.17,40.4,24313.0,135.0,0.91,40.6,23800.0,118.0,1.14,39.2,23376.0,202.0,1.53,42.2,24519.0,53.0,1.01,40.9,18001.0,45.0,3.11,41.4,21321.0,80.0,1.08,43.3,10928.0,20.0,0.96,39.8,22004.0,211.0,0.81,40.6,20620.0,120.0,1.55,39.9,22898.0,205.0,1.1,39.4,23850.0,171.0,1.57,39.9,13102.0,240.0,1.97,38.6,19270.0,243.0,1.66,39.1,21006.0,101.0,1.47,41.1,22604.0,513.0,0.88,39.0,19375.0,108.0,1.02,40.3,14618.0,65.0,1.55,39.9,21984.0,195.0,1.48,39.9,26028.0,99.0,1.13,39.6,16870.0,195.0,1.96,43.3,21569.0,66.0,0.98,41.9,23062.0,104.0,1.5,41.1,25007.0,173.0,1.07,41.0,22673.0,62.0,0.94,42.2,23228.0,85.0,1.22,41.2,21269.0,83.0,1.33,42.0,25441.0,109.0,1.04,41.4,23419.0,95.0,1.74,39.3,19798.0,174.0,1.25,40.8,20049.0,196.0,0.98,42.5,22066.0,69.0,1.03,39.0,22257.0,204.0,1.19,40.6,23287.0,155.0,1.09,41.0,23384.0,188.0,1.03,40.3,22198.0,184.0,1.49,40.7,21596.0,136.0,1.16,42.0,21131.0,55.0,1.13,40.8,25686.0,173.0,0.96,,,,,42.5,23761.0,184.0,1.05,41.0,19943.0,67.0,0.97,43.7,16111.0,109.0,1.14,41.0,20158.0,226.0,1.1,41.1,20038.0,123.0,1.25,39.0,18477.0,149.0,1.55,39.7,22605.0,113.0,1.13,40.3,22250.0,108.0,1.01,42.8,5199.0,21.0,1.53,41.2,25996.0,88.0,1.0,39.0,21516.0,379.0,1.29,41.7,24464.0,86.0,0.95,40.5,18805.0,291.0,1.51,41.3,20946.0,163.0,1.3,36.5,19656.0,166.0,1.44,37.4,23686.0,251.0,1.69,39.7,20361.0,162.0,1.41,41.4,24471.0,318.0,1.06,41.0,22523.0,68.0,0.96,42.8,25746.0,90.0,0.86,43.2,19678.0,67.0,0.93,,,,,39.7,22708.0,284.0,1.63,43.0,16212.0,163.0,1.73,41.5,8394.0,28.0,1.28,40.1,21222.0,104.0,1.42,41.1,23796.0,161.0,1.12,42.0,20095.0,154.0,1.21,41.5,21528.0,95.0,0.93,41.1,23580.0,170.0,1.22,40.2,20033.0,286.0,1.39,41.8,22646.0,356.0,1.43,41.0,21646.0,84.0,1.02,41.6,24293.0,197.0,0.96,41.4,22219.0,89.0,0.95,38.6,20720.0,216.0,1.12,41.6,9935.0,25.0,1.29,41.8,16958.0,93.0,1.33,39.9,1199.0,4.0,1.46,40.1,21984.0,108.0,0.98,39.9,22099.0,166.0,1.21,39.6,22266.0,227.0,1.53,42.1,19179.0,74.0,1.33,37.7,22700.0,75.0,1.26,40.0,24589.0,439.0,0.96,39.8,24455.0,305.0,1.31,42.3,25453.0,169.0,1.05,41.6,25259.0,183.0,0.93,40.8,24371.0,78.0,0.98,39.0,22400.0,306.0,1.32,40.7,23032.0,322.0,0.98,41.3,23558.0,113.0,0.85,39.4,22277.0,182.0,1.59,39.6,24427.0,187.0,1.24,42.4,23441.0,76.0,1.17,39.8,14360.0,355.0,2.0,40.1,19842.0,147.0,1.51,42.1,21335.0,85.0,0.94,40.3,18524.0,176.0,0.94,40.9,25977.0,133.0,0.91,40.5,25367.0,118.0,0.97,39.4,24425.0,283.0,0.94,41.6,23755.0,64.0,0.95,43.0,23830.0,42.0,1.16,40.9,20752.0,182.0,1.31,41.8,25481.0,268.0,1.07,38.7,20467.0,254.0,1.07,39.3,19846.0,148.0,1.17,38.8,19381.0,229.0,1.07,37.5,19965.0,891.0,2.18,41.3,21030.0,106.0,0.88,41.8,23337.0,120.0,1.07,40.2,22418.0,112.0,1.0,41.7,20499.0,85.0,3.49,42.6,21820.0,102.0,1.12,38.7,21648.0,333.0,1.17,43.3,2117.0,3.0,1.06,39.2,21124.0,327.0,1.42,41.0,21561.0,109.0,1.18,42.0,25576.0,153.0,0.9,40.4,24269.0,114.0,1.26,41.7,23945.0,73.0,1.29,42.2,13162.0,8.0,0.94,41.3,20149.0,79.0,3.1,42.2,17822.0,30.0,1.6,40.5,24456.0,130.0,1.05,40.4,21903.0,259.0,1.12,41.0,24909.0,122.0,1.07,,,,,42.3,19684.0,117.0,0.56,42.0,21326.0,115.0,0.68,,,,,44.8,21321.0,101.0,1.19,41.9,19687.0,93.0,1.31,40.0,19130.0,118.0,1.26,40.7,21243.0,93.0,1.24,42.9,25890.0,145.0,1.15,39.6,20691.0,199.0,1.56,42.9,24518.0,39.0,0.98,42.6,23237.0,81.0,1.17,42.7,24475.0,71.0,0.76,,,,,42.5,24491.0,96.0,0.9,41.0,16872.0,158.0,1.15,41.6,3215.0,5.0,0.33,42.4,26279.0,67.0,0.95,40.9,24333.0,115.0,1.09
G,2S,,,,,,,,,,,,,,,,,,,,,44.3,18529.0,146.0,0.21,,,,,,,,,,,,,,,,,,,,,,,,,,,,,,,,,,,,,,,,,,,,,,,,,,,,,,,,,44.2,20542.0,28.0,0.16,,,,,,,,,,,,,45.9,17371.0,410.0,0.08,,,,,,,,,,,,,,,,,,,,,,,,,,,,,,,,,,,,,45.5,18435.0,34.0,0.16,,,,,,,,,,,,,,,,,,,,,,,,,,,,,,,,,,,,,,,,,43.7,19025.0,55.0,0.19,45.1,17876.0,24.0,0.13,,,,,,,,,,,,,,,,,44.7,18349.0,34.0,0.17,,,,,,,,,,,,,,,,,,,,,,,,,,,,,,,,,,,,,,,,,,,,,,,,,42.9,21042.0,24.0,0.19,,,,,44.8,19226.0,271.0,0.29,,,,,,,,,45.5,15555.0,24.0,0.19,,,,,,,,,,,,,,,,,,,,,,,,,,,,,,,,,,,,,,,,,45.0,17804.0,184.0,0.2,45.2,18253.0,39.0,0.14,,,,,,,,,,,,,,,,,,,,,,,,,,,,,,,,,,,,,,,,,,,,,,,,,,,,,,,,,44.9,19426.0,58.0,0.18,,,,,,,,,,,,,45.3,17647.0,57.0,0.07,,,,,,,,,,,,,,,,,,,,,,,,,,,,,44.4,20556.0,54.0,0.2,,,,,,,,,,,,,,,,,,,,,,,,,,,,,,,,,,,,,,,,,,,,,,,,,,,,,,,,,,,,,,,,,,,,,,,,,44.4,19265.0,61.0,0.17,,,,,,,,,,,,,,,,,,,,,,,,,,,,,,,,,,,,,,,,,,,,,,,,,,,,,,,,,,,,,,,,,,,,,,,,,,,,,,,,,,,,,45.3,18523.0,44.0,0.16,,,,,,,,,,,,,,,,,,,,,,,,
J,2S,,,,,,,,,,,,,,,,,,,,,45.5,2880.0,0.0,0.09,,,,,,,,,,,,,,,,,,,,,,,,,,,,,,,,,,,,,,,,,,,,,,,,,,,,,,,,,45.1,2880.0,0.0,0.11,,,,,,,,,,,,,,,,,,,,,,,,,,,,,,,,,,,,,,,,,,,,,,,,,,,,,,,,,,,,,,,,,,,,,,,,,,,,,,,,,,,,,,,,,,,,,,,,,44.7,2880.0,0.0,0.08,45.5,2880.0,0.0,0.08,,,,,,,,,,,,,,,,,,,,,,,,,,,,,,,,,,,,,,,,,,,,,,,,,,,,,,,,,,,,,,,,,,,,,,,,,,,,,,,,,,,,,,,,,,,,,,,,,,,,,,,,,,,,,,,,,,,,,,,,,,,,,,,,,,,,,,,,,,,,,,,,,,,,,,,,,,,,,,,,,,,,,,,,,,,,,,,,,,,,,,,,,,,,,,,,,,,,,,,,,,,,,,,,,,,,,,,,,,,,,,,,,,,,,,,,,,,,,,,,,,,,,,,,,,,,,,,,,,,,,,,,,,,,,,,,,,,,,,,,,,,,,,,,,,,,,,,,,,,,,,,,,,,,,,,,,,,,,,,,,,,,,,,,,,,,,,,,,,,,,,,,,,,,,,,,,,,,,,,,,,,,,,,,,,,,,,,,,,,,,,,,,,,,,,,,,,,,,,,,,,,,,,,,,,,,,,,,,,,,,,,,,,,,,,,,,,,,
J,5Q,,,,,,,,,,,,,,,,,,,,,50.1,2880.0,0.0,0.0,,,,,,,,,,,,,,,,,,,,,,,,,,,,,,,,,,,,,,,,,37.5,1269.0,0.0,0.0,,,,,,,,,,,,,49.8,2880.0,0.0,0.0,,,,,,,,,,,,,,,,,,,,,,,,,,,,,,,,,,,,,,,,,,,,,,,,,,,,,,,,,40.5,1381.0,6.0,0.0,,,,,,,,,,,,,,,,,46.0,2880.0,0.0,0.0,,,,,,,,,,,,,,,,,48.1,2880.0,0.0,0.0,49.2,2880.0,0.0,0.0,,,,,,,,,,,,,,,,,,,,,,,,,,,,,,,,,,,,,,,,,47.8,722.0,0.0,0.0,,,,,,,,,40.5,825.0,1.0,0.0,,,,,,,,,,,,,,,,,,,,,,,,,,,,,,,,,,,,,,,,,,,,,,,,,47.5,1047.0,0.0,0.0,,,,,,,,,,,,,,,,,,,,,,,,,,,,,,,,,,,,,,,,,,,,,32.1,727.0,0.0,0.0,,,,,45.4,138.0,0.0,0.0,,,,,,,,,,,,,45.0,2880.0,0.0,0.0,,,,,,,,,,,,,,,,,,,,,,,,,,,,,,,,,,,,,,,,,,,,,,,,,,,,,,,,,,,,,,,,,,,,,,,,,,,,,,,,,,,,,,,,,,,,,,,,,,,,,,,,,,,,,,,,,,,,,,,,,,,,,39.2,2575.0,3.0,0.0,,,,,,,,,,,,,,,,,,,,,,,,,,,,,49.1,2132.0,0.0,0.0,,,,,,,,,,,,,,,,,,,,,,,,,,,,,,,,,,,,,,,,,,,,,,,,,,,,,,,,,,,,,,,,,,,,,,,,,,,,,,,,,,,,,29.8,115.0,9.0,0.0,,,,,,,,
E,7X,,,,,,,,,,,,,,,,,,,,,,,,,44.7,10820.0,7.0,0.0,45.9,15666.0,32.0,0.0,47.0,10977.0,28.0,0.0,,,,,47.0,13674.0,28.0,0.0,44.8,13210.0,27.0,0.0,44.6,10539.0,24.0,0.0,,,,,,,,,,,,,,,,,,,,,46.6,13244.0,31.0,0.0,45.3,11815.0,30.0,0.0,,,,,45.3,7256.0,52.0,0.0,43.8,9480.0,17.0,0.0,41.4,14179.0,18.0,0.0,,,,,44.4,8056.0,10.0,0.0,,,,,44.7,14171.0,65.0,0.0,46.6,14990.0,14.0,0.0,44.1,8771.0,61.0,0.0,,,,,,,,,46.1,13113.0,43.0,0.0,47.1,12499.0,15.0,0.0,,,,,,,,,49.5,13796.0,16.0,0.0,,,,,45.1,11579.0,11.0,0.0,47.4,11705.0,70.0,0.0,,,,,44.0,14064.0,36.0,0.0,46.3,11516.0,30.0,0.0,,,,,46.1,13491.0,52.0,0.0,,,,,,,,,,,,,,,,,49.4,13204.0,20.0,0.0,,,,,,,,,46.1,9745.0,97.0,0.0,46.7,10570.0,16.0,0.0,,,,,45.5,11260.0,33.0,0.0,45.5,12963.0,12.0,0.0,,,,,46.1,13159.0,18.0,0.0,47.1,12960.0,32.0,0.0,,,,,,,,,46.8,12243.0,36.0,0.0,41.3,2112.0,1.0,0.0,,,,,,,,,,,,,45.9,13237.0,17.0,0.0,49.8,13805.0,16.0,0.0,,,,,,,,,44.5,15120.0,64.0,0.0,53.3,10266.0,20.0,0.0,,,,,,,,,44.8,11797.0,33.0,0.0,,,,,,,,,48.9,11777.0,36.0,0.0,44.6,13005.0,127.0,0.0,,,,,,,,,46.9,13925.0,61.0,0.0,,,,,49.0,6830.0,2.0,0.0,,,,,47.0,9012.0,22.0,0.0,,,,,,,,,46.2,12731.0,28.0,0.0,45.9,13771.0,8.0,0.0,,,,,48.4,11798.0,15.0,0.0,,,,,,,,,,,,,,,,,44.3,12128.0,17.0,0.0,,,,,47.2,11913.0,58.0,0.0,,,,,45.5,13006.0,24.0,0.0,,,,,,,,,42.7,9395.0,218.0,0.0,45.4,12050.0,49.0,0.0,,,,,46.2,12433.0,23.0,0.0,,,,,44.6,14320.0,24.0,0.0,,,,,,,,,,,,,,,,,43.8,14537.0,80.0,0.0,,,,,43.6,12635.0,32.0,0.0,,,,,43.0,13378.0,251.0,0.0,,,,,,,,,47.3,11882.0,10.0,0.0,,,,,,,,,,,,,,,,,,,,,,,,,49.2,14699.0,18.0,0.0,47.0,13182.0,15.0,0.0,,,,,,,,,,,,,,,,,45.2,13298.0,25.0,0.0,,,,,46.3,13378.0,12.0,0.0,,,,,,,,,,,,,,,,,,,,,,,,,,,,,45.6,11944.0,14.0,0.0,49.6,14078.0,19.0,0.0,47.1,10540.0,30.0,0.0,,,,,,,,,,,,,,,,,49.5,13961.0,15.0,0.0,,,,,,,,,,,,,47.2,13063.0,18.0,0.0
E,8X,,,,,,,,,,,,,,,,,,,,,,,,,50.4,10820.0,7.0,0.0,50.3,15672.0,31.0,0.0,52.6,10979.0,29.0,0.0,,,,,52.9,13674.0,28.0,0.0,49.3,13212.0,25.0,0.0,50.3,10539.0,24.0,0.0,,,,,,,,,,,,,,,,,,,,,51.3,13244.0,31.0,0.0,51.1,11819.0,28.0,0.0,,,,,51.8,7263.0,51.0,0.0,48.9,9479.0,16.0,0.0,45.4,14224.0,16.0,0.0,,,,,50.8,8056.0,10.0,0.0,,,,,49.3,14171.0,65.0,0.0,52.5,14990.0,14.0,0.0,49.9,8774.0,60.0,0.0,,,,,,,,,51.8,13113.0,43.0,0.0,52.2,12499.0,15.0,0.0,,,,,,,,,,,,,,,,,44.7,11542.0,23.0,0.0,53.4,11692.0,66.0,0.0,,,,,47.5,14151.0,27.0,0.0,51.8,11523.0,33.0,0.0,,,,,50.6,13489.0,53.0,0.0,,,,,,,,,,,,,,,,,,,,,,,,,,,,,52.2,9745.0,97.0,0.0,51.4,10570.0,16.0,0.0,,,,,51.4,11261.0,32.0,0.0,50.0,12963.0,12.0,0.0,,,,,51.7,13165.0,16.0,0.0,51.5,12872.0,24.0,0.0,,,,,,,,,51.3,12243.0,36.0,0.0,,,,,,,,,,,,,,,,,48.8,13260.0,17.0,0.0,,,,,,,,,,,,,48.9,15127.0,60.0,0.0,55.2,10254.0,26.0,0.0,,,,,,,,,51.3,11812.0,36.0,0.0,,,,,,,,,,,,,49.2,13006.0,125.0,0.0,,,,,,,,,51.5,13925.0,61.0,0.0,,,,,51.7,6498.0,1.0,0.0,,,,,52.7,9013.0,22.0,0.0,,,,,,,,,52.5,12624.0,26.0,0.0,50.5,13771.0,8.0,0.0,,,,,,,,,,,,,,,,,,,,,,,,,49.9,12128.0,17.0,0.0,,,,,51.6,11916.0,56.0,0.0,,,,,50.4,13002.0,21.0,0.0,,,,,,,,,44.6,9413.0,217.0,0.0,50.2,12024.0,47.0,0.0,,,,,48.7,12428.0,24.0,0.0,,,,,50.5,14321.0,23.0,0.0,,,,,,,,,,,,,,,,,49.1,14550.0,72.0,0.0,,,,,48.2,12635.0,32.0,0.0,,,,,45.2,13349.0,251.0,0.0,,,,,,,,,,,,,,,,,,,,,,,,,,,,,,,,,,,,,,,,,51.7,13180.0,15.0,0.0,,,,,,,,,,,,,,,,,48.7,13319.0,24.0,0.0,,,,,51.0,13378.0,12.0,0.0,,,,,,,,,,,,,,,,,,,,,,,,,,,,,51.8,11943.0,13.0,0.0,,,,,52.9,10541.0,29.0,0.0,,,,,,,,,,,,,,,,,,,,,,,,,,,,,,,,,44.4,13061.0,19.0,0.0
J,6L,,,,,,,,,,,,,,,,,,,,,,,,,39.5,2472.0,315.0,0.0,,,,,,,,,,,,,,,,,,,,,41.6,2830.0,5.0,0.0,,,,,,,,,,,,,,,,,,,,,,,,,,,,,,,,,,,,,,,,,,,,,,,,,,,,,,,,,,,,,,,,,39.5,2847.0,1.0,0.0,,,,,,,,,,,,,,,,,,,,,,,,,,,,,,,,,,,,,,,,,,,,,,,,,,,,,,,,,,,,,,,,,,,,,,,,,,,,,,,,,,,,,,,,,,,,,,,,,,,,,,,,,,,,,,,,,,,,,,,,,,,,,,,,,,,,,,,,,,,,,,,,,,,,,37.9,1169.0,1.0,0.0,,,,,,,,,,,,,,,,,,,,,,,,,,,,,,,,,,,,,,,,,,,,,,,,,,,,,,,,,,,,,,,,,,,,,,,,,,,,,,,,,,,,,,,,,,,,,,,,,,,,,,,,,,,,,,,,,,,,,,,,,,,,,,,,,,,,,,,,,,,,,,,,,,,,,,,,,,,,,,,,,,,,,,,,,,,,,,,,,,,,,,,,,,,,,,,,,,,,,,,,,37.2,2723.0,47.0,0.0,,,,,,,,,,,,,,,,,,,,,,,,,,,,,,,,,,,,,,,,,,,,,,,,,,,,,,,,,,,,,38.8,922.0,2.0,0.0,,,,,,,,,,,,,,,,,,,,,,,,,,,,,,,,,,,,,,,,,,,,,,,,,,,,,,,,,,,,,,,,,,,,,,,,,,,,,,,,,,,,
C,6I,,,,,,,,,,,,,,,,,,,,,,,,,,,,,40.4,6357.0,43.0,0.0,,,,,,,,,41.2,13858.0,154.0,0.0,41.7,9914.0,100.0,0.0,,,,,,,,,,,,,,,,,44.7,18212.0,14.0,0.0,,,,,44.8,3245.0,19.0,0.0,,,,,,,,,,,,,,,,,,,,,,,,,,,,,30.8,1011.0,5.0,0.0,40.7,24798.0,292.0,0.0,,,,,,,,,,,,,,,,,,,,,40.4,17520.0,177.0,0.0,,,,,,,,,,,,,,,,,40.4,15761.0,159.0,0.0,44.1,2404.0,43.0,0.0,,,,,,,,,,,,,,,,,41.5,17256.0,57.0,0.0,,,,,,,,,,,,,,,,,,,,,,,,,,,,,,,,,44.5,30438.0,69.0,0.0,,,,,,,,,43.8,34979.0,58.0,0.0,45.3,9603.0,0.0,0.0,,,,,42.4,20352.0,135.0,0.0,,,,,,,,,44.4,23716.0,106.0,0.0,,,,,,,,,,,,,,,,,41.1,20232.0,211.0,0.0,,,,,,,,,,,,,47.4,3245.0,16.0,0.0,,,,,,,,,,,,,,,,,,,,,,,,,,,,,41.9,25024.0,375.0,0.0,,,,,,,,,42.1,15094.0,119.0,0.0,,,,,,,,,,,,,,,,,,,,,,,,,40.7,14796.0,149.0,0.0,42.1,8840.0,62.0,0.0,,,,,,,,,,,,,,,,,,,,,,,,,,,,,,,,,41.7,16853.0,306.0,0.0,,,,,43.4,30145.0,290.0,0.0,,,,,,,,,44.5,25509.0,563.0,0.0,42.0,21328.0,95.0,0.0,,,,,44.4,20224.0,218.0,0.0,,,,,40.8,5978.0,45.0,0.0,,,,,,,,,,,,,,,,,,,,,,,,,42.3,25122.0,139.0,0.0,,,,,39.6,33771.0,589.0,0.0,,,,,,,,,,,,,,,,,38.9,30198.0,35.0,0.0,,,,,,,,,,,,,,,,,,,,,40.8,11384.0,29.0,0.0,,,,,,,,,,,,,,,,,42.1,6804.0,9.0,0.0,,,,,43.9,4185.0,36.0,0.0,,,,,,,,,,,,,,,,,,,,,,,,,,,,,42.4,20094.0,51.0,0.0,,,,,,,,,,,,,,,,,,,,,,,,,,,,,,,,,,,,,,,,,,,,
J,6X,,,,,,,,,,,,,,,,,,,,,,,,,,,,,,,,,44.9,2234.0,23.0,0.0,,,,,35.6,404.0,17.0,0.0,,,,,,,,,,,,,,,,,,,,,,,,,,,,,,,,,44.7,1887.0,11.0,0.0,,,,,,,,,,,,,37.9,2878.0,2.0,0.0,,,,,,,,,,,,,,,,,35.0,401.0,8.0,0.0,,,,,,,,,,,,,46.1,2111.0,4.0,0.0,,,,,,,,,,,,,,,,,,,,,,,,,,,,,,,,,,,,,,,,,,,,,,,,,,,,,,,,,,,,,,,,,,,,,,,,,,,,,,,,,,,,,,,,,,,,,40.6,2880.0,0.0,0.0,,,,,,,,,46.0,2880.0,0.0,0.0,,,,,,,,,,,,,,,,,,,,,,,,,,,,,,,,,,,,,,,,,,,,,,,,,,,,,,,,,,,,,,,,,,,,,,,,,,,,,,,,,,,,,,,,,,,,,,,,,,,,,,,,,47.8,1630.0,3.0,0.0,,,,,,,,,42.0,2343.0,10.0,0.0,,,,,,,,,,,,,,,,,,,,,,,,,,,,,,,,,,,,,,,,,,,,,42.9,2880.0,0.0,0.0,,,,,,,,,,,,,39.7,2785.0,0.0,0.0,,,,,,,,,,,,,,,,,,,,,,,,,,,,,,,,,45.8,1103.0,4.0,0.0,,,,,,,,,,,,,,,,,,,,,,,,,,,,,,,,,,,,,,,,,,,,,,,,,,,,,,,,,,,,,,,,,,,,,,,,,,,,,,,,,,,,,,,,,,,,,,,,,,,,,,,,,,,,,,,,,,,,,44.9,2352.0,8.0,0.0,,,,,45.7,1796.0,9.0,0.0,,,,,,,,,,,,,,,,,,,,,,,,,,,,,,,,,,,,
C,1C,,,,,,,,,,,,,,,,,,,,,,,,,,,,,,,,,,,,,,,,,,,,,,,,,,,,,,,,,,,,,39.0,2538.0,3.0,0.0,,,,,,,,,,,,,,,,,,,,,,,,,,,,,,,,,,,,,,,,,,,,,,,,,,,,,,,,,,,,,,,,,,,,,43.9,1758.0,5.0,0.0,,,,,,,,,,,,,,,,,,,,,,,,,,,,,,,,,,,,,,,,,,,,,,,,,,,,,,,,,,,,,,,,,,,,,,,,,,,,,,,,,,,,,,,,,,,,,,,,,,,,,,,,,37.2,2664.0,3.0,0.0,,,,,42.5,1552.0,10.0,0.0,,,,,,,,,,,,,,,,,,,,,,,,,,,,,,,,,,,,,,,,,,,,,45.6,2833.0,5.0,0.0,,,,,,,,,,,,,,,,,50.0,1651.0,12.0,0.0,,,,,,,,,,,,,,,,,,,,,,,,,,,,,,,,,,,,,,,,,,,,,,,,,,,,,,,,,,,,,,,,,,,,,,,,,,,,,,,,,,,,,,,,,,,,,,,,,,,,,,,,,40.9,2878.0,4.0,0.0,,,,,,,,,,,,,,,,,,,,,,,,,,,,,,,,,,,,,,,,,,,,,,,,,,,,,,,,,,,,,,,,,,,,,,,,,,,,,,,,,,,,,,,,,,,,,40.3,2753.0,3.0,0.0,,,,,,,,,,,,,,,,,,,,,,,,,,,,,,,,,,,,,,,,,,,,,,,,,,,,,,,,,,,,,,,,,,,,,,,,,,,,,,,,,,,,,,,,,,,,,,,,,,,,
E,6C,,,,,,,,,,,,,,,,,,,,,,,,,,,,,,,,,,,,,,,,,,,,,,,,,,,,,,,,,,,,,,,,,40.6,6174.0,8.0,0.0,,,,,,,,,,,,,,,,,,,,,,,,,,,,,,,,,,,,,,,,,,,,,,,,,,,,,,,,,,,,,,,,,,,,,,,,,,,,,,,,,,,,,,,,,,,,,,,,,,,,,,,,,,,,,,,,,,,,,,,,,,,,,,,,,,,,,,,,,,,,,,,,,,,,,,,,,,,,,,,,,47.0,3467.0,3.0,0.0,,,,,,,,,,,,,,,,,,,,,,,,,,,,,,,,,,,,,,,,,,,,,,,,,,,,,,,,,,,,,,,,,,,,,,,,,,,,,,,,,,,,,,,,,,,,,,,,,,,,,,,,,,,,,,,,,,,,,,,,,,,,,,,,,,,,,,,,,,,,,,,,,,,,,,,,,,,,,,,,,,,,,,,,,,,,,,,,,,,,,,,,,,,,,,,,,,,,,,,,,,,,,,,,,,,,,,,,,,,,,,,,,,,,,,,,,,,,,,,,,,,,,,,,,,,,,,,,,,,,,36.3,9994.0,58.0,0.0,,,,,,,,,,,,,,,,,,,,,,,,,,,,,,,,,,,,,,,,,,,,,,,,,,,,,,,,,,,,,,,,,,,,,,,,,,,,,,,,,,,,,,,,,,,,,,,,,,,,,,,,,,,,,,,,,,,,,,,,,,,,,,,,
I,5A,,,,,,,,,,,,,,,,,,,,,,,,,,,,,,,,,,,,,,,,,,,,,,,,,,,,,,,,,,,,,,,,,33.3,3995.0,0.0,0.0,,,,,,,,,,,,,,,,,,,,,,,,,,,,,,,,,,,,,,,,,,,,,,,,,,,,,,,,,,,,,,,,,,,,,,,,,,,,,,,,,,,,,,,,,,,,,,,,,,,,,,,,,,,,,,,,,,,,,,,,,,,,,,,,,,,,,,,,,,,,,,,,,,,,,,,,,,,,,,,,,45.9,3828.0,0.0,0.0,,,,,,,,,,,,,,,,,,,,,,,,,,,,,,,,,,,,,,,,,,,,,,,,,,,,,,,,,,,,,,,,,,,,,,,,,,,,,,,,,,,,,,,,,,,,,,,,,,,,,,,,,,,,,,,,,,,,,,,,,,,,,,,,,,,,,,,,,,,,,,,,,,,,,,,,,,,,,,,,,,,,,,,,,,,,,,,,,,,,,,,,,,,,,,,,,,,,,,,,,,,,,,,,,,,,,,,,,,,,,,,,,,,,,,,,,,,,,,,,,,,,,,,,,,,,,,,,,,,,,33.3,8631.0,8.0,0.0,,,,,,,,,,,,,,,,,,,,,,,,,,,,,,,,,,,,,,,,,,,,,,,,,,,,,,,,,,,,,,,,,,,,,,,,,,,,,,,,,,,,,,,,,,,,,,,,,,,,,,,,,,,,,,,,,,,,,,,,,,,,,,,,
J,2L,,,,,,,,,,,,,,,,,,,,,,,,,,,,,,,,,,,,,,,,,,,,,,,,,,,,,,,,,,,,,,,,,45.4,1544.0,0.0,0.16,,,,,,,,,,,,,,,,,,,,,,,,,,,,,,,,,,,,,42.4,2880.0,0.0,0.18,,,,,,,,,,,,,,,,,,,,,,,,,,,,,,,,,35.8,1249.0,21.0,0.91,,,,,,,,,,,,,,,,,41.5,2875.0,4.0,0.24,,,,,,,,,,,,,,,,,,,,,,,,,,,,,,,,,,,,,,,,,,,,,,,,,,,,,,,,,,,,,,,,,43.2,722.0,0.0,0.21,,,,,,,,,34.5,811.0,5.0,0.47,,,,,,,,,,,,,,,,,,,,,,,,,,,,,,,,,,,,,,,,,,,,,,,,,41.7,1047.0,0.0,0.26,,,,,,,,,,,,,,,,,,,,,,,,,,,,,,,,,,,,,,,,,,,,,43.2,1300.0,0.0,0.23,,,,,40.4,138.0,0.0,0.26,,,,,,,,,,,,,40.5,2880.0,0.0,0.37,,,,,,,,,,,,,,,,,,,,,,,,,,,,,,,,,,,,,,,,,,,,,,,,,,,,,,,,,,,,,,,,,,,,,,,,,,,,,,,,,,,,,,,,,,,,,,,,,,,,,,,,,,,,,,,,,,,,,,,,,,,,,41.3,2878.0,1.0,0.3,,,,,32.6,201.0,3.0,0.79,,,,,,,,,,,,,,,,,,,,,44.0,2132.0,0.0,0.16,,,,,42.0,2880.0,0.0,0.28,,,,,,,,,,,,,,,,,,,,,,,,,,,,,,,,,,,,,,,,,,,,,,,,,,,,,,,,,,,,,,,,,,,,,,,,,,,,,34.9,545.0,0.0,0.38,,,,,,,,
R,3X,,,,,,,,,,,,,,,,,,,,,,,,,,,,,,,,,,,,,,,,,,,,,,,,,,,,,,,,,,,,,,,,,,,,,,,,,,,,,,,,,,,,,34.5,638.0,70.0,0.0,35.2,582.0,44.0,0.0,,,,,,,,,35.9,579.0,39.0,0.0,,,,,,,,,,,,,,,,,,,,,,,,,,,,,,,,,,,,,,,,,,,,,,,,,,,,,,,,,,,,,,,,,,,,,,,,,,,,,,,,,,,,,,,,,,,,,,,,,,,,,,,,,,,,,,,,,,,,,,,,,,,,,,,,,,,,,,,,,,,,,,,,,,,,,13.1,16.0,15.0,0.0,,,,,,,,,,,,,,,,,,,,,,,,,,,,,,,,,,,,,,,,,,,,,,,,,,,,,,,,,,,,,,,,,,,,,,,,,,,,,,,,,,,,,,,,,,,,,,,,,,,,,,,,,,,,,,,,,,,,,,,,,,,,,,,,,,,,,,,,,,,,,,,,,,,,,,,,,,,,,,,,,,,,,,,,,,,,,,,,,,,,,,,,,,,,,,,,,,,,,,,,,,,,,,,,,,,,,,,,,,,,,,,,,,,,,,,,,,,,,,,,,,,,,,,,,,,,,,,,,,,,,,,,,,,,,,,,,,,,,,,,,,,,,,,,,,,,,,,,,,,,,,,,,,,,,,,,,,,,,,,,,,,,,,,,,,,,,,,,,,,,,,,,,,,,,,,,,,,,,,,,,,,,,,,,
S,2I,,,,,,,,,,,,,,,,,,,,,,,,,,,,,,,,,,,,,,,,,,,,,,,,,,,,,,,,,,,,,,,,,,,,,,,,,,,,,,,,,,,,,,,,,,,,,,,,,,,,,,,,,,,,,,,,,,,,,,,,,,,,,,,,,,,,,,,,,,,,,,,,,,,,,,,,,,,,,,,,,,,,,,,,,,,,,,,,,,,,,,,,,,,,,,,,,,,,,,,,,,,,,,,,,,,,,,,,,,,,,,,,,,,,,,,,,,,,,,,,,,,,,,,,,,,,,,,,,,,,,,,,,,,,,,,,,,,,,,,,,,,,,,,,,,,,,,,,,,,,,,,,,,,,,38.9,359.0,0.0,1.09,,,,,,,,,,,,,,,,,,,,,,,,,,,,,,,,,,,,,,,,,,,,,,,,,,,,,,,,,,,,,,,,,,,,,,,,,,,,,,,,,,,,,,,,,,,,,,,,,,,,,,,,,,,,,,,,,,,,,,,,,,,,,,,,,,,,,,,,,,,,,,,,,,,,,,,,,,,,,,,,,,,,,,,,,,,,,,,,,,,,,,,,,,,,,,,,,,,,,,,,,,,,,,,,,,,,,,,,,,,,,,,,,,,,,,,,,,,,,,,,,,,,,,,,,,,,,,,,,39.4,1316.0,6.0,0.48,,,,,,,,,,,,,,,,,,,,,,,,,,,,,,,,,,,,,,,,,,,,,,,,,,,,
S,7I,,,,,,,,,,,,,,,,,,,,,,,,,,,,,,,,,,,,,,,,,,,,,,,,,,,,,,,,,,,,,,,,,,,,,,,,,,,,,,,,,,,,,,,,,,,,,,,,,,,,,,,,,,,,,,,,,,,,,,,,,,,,,,,,,,,,,,,,,,,,,,,,,,,,,,,,,,,,,,,,,,,,,,,,,,,,,,,,,,,,,,,,,,,,,,,,,,,,,,,,,,,,,,,,,,,,,,,,,,,,,,,,,,,,,,,,,,,,,,,,,,,,,,,,,,,,,,,,,,,,,,,,,,,,,,,,,,,,,,,,,,,,,,,,,,,,,,,,,,,,,,,,,,,,,37.5,357.0,0.0,0.85,,,,,,,,,,,,,,,,,,,,,,,,,,,,,,,,,,,,,,,,,,,,,,,,,,,,,,,,,,,,,,,,,,,,,,,,,,,,,,,,,,,,,,,,,,,,,,,,,,,,,,,,,,,,,,,,,,,,,,,,,,,,,,,,,,,,,,,,,,,,,,,,,,,,,,,,,,,,,,,,,,,,,,,,,,,,,,,,,,,,,,,,,,,,,,,,,,,,,,,,,,,,,,,,,,,,,,,,,,,,,,,,,,,,,,,,,,,,,,,,,,,,,,,,,,,,,,,,,41.4,1348.0,0.0,0.44,,,,,,,,,,,,,,,,,,,,,,,,,,,,,,,,,,,,,,,,,,,,,,,,,,,,
