id,#StationName,X,Y,Z,Latitude,Longitude,Height,ReceiverName
1,ABMF00GLP,2919786.0,-5383745.0,1774604.0,16.262,-61.528,-25.268,SEPT POLARX5
2,ABPO00MDG,4097216.6805,4429119.0287,-2065771.3676,-19.018,47.229,1553.398,SEPT POLARX5
3,AC2300USA,-2752834.7418,-1533597.398,5526823.2554,60.475,-150.878,80.744,SEPT POLARX5
4,ACRG00GHA,6347491.377,-22944.8986,622822.4766,5.641,-0.207,83.792,JAVAD TR_G3TH
5,ACSO00USA,595828.9368,-4839735.3204,4097876.7222,40.232,-82.982,249.810,SEPT POLARX5
6,AGGO00ARG,2765122.098,-4449250.084,-3626405.34,-34.874,-58.14,42.744,SEPT POLARX5TR
7,AIRA00JPN,-3530185.4889999996,4118797.337,3344036.9310000003,31.824,130.6,315.056,TRIMBLE ALLOY
8,AJAC00FRA,4696990.0,723994.0,4239678.0,41.927,8.763,99.2,SEPT POLARX5
9,ALBH00CAN,-2341332.884,-3539049.5089999996,4745791.36,48.39,-123.48700000000001,32.176,SEPT POLARX5
10,ALGO00CAN,918129.4,-4346071.2,4561977.8,45.956,-78.071,201.25799999999998,SEPT POLARX5
11,ALIC00AUS,-4052052.7301,4212835.9796,-2545104.587,-23.67,133.886,603.645,SEPT POLARX5
12,AMC400USA,-1248596.405,-4819428.21,3976505.93,38.803000000000004,-104.525,1911.816,SEPT POLARX5TR
13,ANKR00TUR,4121934.26,2652189.812,4069034.9110000003,39.888000000000005,32.759,975.191,LEICA GR30
14,ANMG00MYS,-1270826.87,6242631.446,307792.439,2.785,101.507,15.402000000000001,TRIMBLE NETR9
15,AREG00PER,1942816.3653,-5804077.1395,-1796884.4383,-16.465,-71.493,2489.742,SEPT POLARX5
16,AREQ00PER,1942826.1919999998,-5804070.331,-1796894.267,-16.465999999999998,-71.493,2489.327,SEPT POLARX5
17,ARHT00ATA,-1312626.5359999998,311171.12899999996,-6213081.915,-77.829,166.66400000000002,135.782,JAVAD TRE_3 DELTA
18,ARUC00ARM,3500416.7822,3390432.6839,4103027.5848,40.286,44.086000000000006,1222.58,SEPT POLARX5
19,ASCG00SHN,6121151.5493,-1563978.9235,-872615.3556,-7.916,-14.333,38.354,TRIMBLE ALLOY
20,ATRU00KAZ,2679051.8578,3423332.414,4651652.39,47.131,51.95399999999999,-31.622,LEICA GR10
21,AUCK00NZL,-5105681.0,461564.0,-3782181.7,-36.603,174.834,133.092,TRIMBLE ALLOY
22,BADG00RUS,-838281.5129999999,3865777.334,4987624.632,51.77,102.235,811.8380000000001,JAVAD TRE_3 DELTA
23,BAKO00IDN,-1836969.054,6065617.126,-716257.839,-6.4910000000000005,106.84899999999999,158.562,LEICA GR50
24,BAMF00CAN,-2420721.2,-3439856.061,4778532.675,48.835,-125.135,11.071,SEPT POLARX5
25,BAUT00DEU,3877545.5,1004370.9,4947148.1,51.192,14.522,212.211,JAVAD TRE_3 DELTA
26,BELE00BRA,4228139.05,-4772752.08,-155761.38,-1.409,-48.463,9.476,TRIMBLE NETR9
27,BIK000KGZ,1249005.5455,4513917.3461,4316147.9247,42.854,74.533,745.2869999999999,SEPT POLARX5
28,BILL00USA,-2420420.5012,-4737131.5508,3507827.665,33.578,-117.065,470.478,SEPT POLARX5
29,BOAV00BRA,3117452.21,-5555487.82,314480.74,2.845,-60.701,69.876,TRIMBLE NETR9
30,BOGI00POL,3633815.7,1397453.9,5035280.8,52.475,21.035,140.355,JAVAD TRE_G3T DELTA
31,BOGT00COL,1744399.0397,-6116037.5577,512731.7532,4.64,-74.081,2577.179,JAVAD TRE_3 DELTA
32,BOR100POL,3738358.833,1148173.963,5021816.113,52.277,17.073,125.335,TRIMBLE NETR9
33,BRAZ00BRA,4115014.1128,-4550641.5225,-1741444.0984,-15.947000000000001,-47.878,1106.445,TRIMBLE NETR9
34,BREW00USA,-2112007.1404,-3705351.8421,4726827.1606,48.132,-119.68299999999999,239.058,SEPT POLARX5TR
35,BRMG00DEU,4245557.1,568958.1,4710200.0,47.908,7.632999999999999,262.027,JAVAD TRE_3 DELTA
36,BRST00FRA,4231162.0,-332747.0,4745131.0,48.38,-4.497,65.952,TRIMBLE ALLOY
37,BRUN00BRN,-2680694.374,5761268.529,549016.7729999999,4.971,114.95200000000001,91.069,TRIMBLE NETR9
38,BRUX00BEL,4027881.628,306998.537,4919498.984,50.798,4.359,158.694,SEPT POLARX5TR
39,BSHM00ISR,4396111.1752,3080477.64191,3433499.46187,32.779,35.02,225.516,SEPT POLARX5
40,BUCU00ROU,4093760.994,2007793.667,4445129.862,44.464,26.125999999999998,143.595,LEICA GR50
41,BZR200ITA,4312893.06,864794.52,4603598.27,46.496,11.338,331.63300000000004,LEICA GR30
42,CAS100ATA,-901776.2209999999,2409383.497,-5816748.487000001,-66.283,110.52,22.999000000000002,TRIMBLE ALLOY
43,CCJ200JPN,-4490605.4013,3483894.7513,2884928.2222,27.068,142.195,104.626,TRIMBLE ALLOY
44,CEBR00ESP,4846664.9180000005,-370195.2,4116929.526,40.453,-4.368,776.225,SEPT POLARX5TR
45,CEDU00AUS,-3753473.19,3912741.0266,-3347959.6946,-31.866999999999997,133.81,145.13,SEPT POLARX5
46,CHOF00JPN,-3946216.71,3366689.83,3698971.69,35.675,139.531,94.315,JAVAD TRE_G3TH DELTA
47,CHPG00BRA,4163476.6693,-4163821.9362,-2444511.1746,-22.682,-45.001999999999995,566.658,TRIMBLE ALLOY
48,CHPI00BRA,4164613.89,-4162456.91,-2445028.76,-22.686999999999998,-44.985,617.826,SEPT POLARX5
49,CHTI00NZL,-4607855.9,-272375.8,-4386954.5,-43.735,-176.61700000000002,76.101,TRIMBLE ALLOY
50,CHWK00CAN,-2215259.73,-3543996.83,4802098.77,49.157,-122.008,174.44400000000002,SEPT POLARX5
51,CIBG00IDN,-1837002.6304,6065627.3598,-716183.2715,-6.49,106.84899999999999,169.53400000000002,TRIMBLE ALLOY
52,CKIS00COK,-5583182.1381,-2054143.6114,-2292166.7567,-21.201,-159.80100000000002,18.831,TRIMBLE NETR9
53,CKSV00TWN,-2956619.1898,5075902.1717,2476625.5462,22.999000000000002,120.22,59.978,TRIMBLE ALLOY
54,CMUM00THA,-938078.387,5968373.965,2038404.323,18.761,98.932,309.368,TRIMBLE NETR9
55,COCO00AUS,-741949.8528,6190961.6634,-1337768.7328,-12.187999999999999,96.834,-34.817,SEPT POLARX5
56,CORD00ARG,2345503.9452,-4910842.9601,-3316365.5474,-31.528000000000002,-64.47,747.4810000000001,JAVAD TRE_G3TH DELTA
57,CPNM00THA,-1020874.4959999999,6183763.086,1179096.215,10.725,99.374,9.545,TRIMBLE NETR9
58,CPVG00CPV,5626883.4267,-2380932.5096,1824483.8747,16.732,-22.935,94.494,TRIMBLE ALLOY
59,CRO100VIR,2607771.494,-5488076.997,1932768.0602,17.757,-64.584,-31.092,SEPT POLARX5TR
60,CUSV00THA,-1132913.7678,6092530.5657,1504633.5192,13.735999999999999,100.53399999999999,76.46300000000001,JAVAD TRE_3 DELTA
61,CUT000AUS,-2364337.2699,4870285.5624,-3360809.8398,-32.004,115.895,24.403000000000002,TRIMBLE NETR9
62,CUUT00THA,-1132915.824,6092526.351,1504641.505,13.735999999999999,100.53399999999999,74.699,TRIMBLE NETR9
63,CYNE00GUF,3880933.0,-5033206.0,532565.0,4.822,-52.365,-22.414,SEPT POLARX5
64,CZTG00ATF,2719994.82,3463392.63,-4598612.94,-46.431999999999995,51.855,203.222,TRIMBLE ALLOY
65,DAE200KOR,-3120042.2739999997,4084614.722,3764026.818,36.399,127.374,117.244,TRIMBLE NETR9
66,DAEJ00KOR,-3120041.8210000005,4084615.2210000004,3764027.0130000003,36.399,127.374,117.458,TRIMBLE NETR9
67,DARW00AUS,-4091359.6122,4684606.4228,-1408579.1258,-12.844000000000001,131.13299999999998,125.51,SEPT POLARX5
68,DAV100ATA,486854.4996,2285099.3657,-5914955.7712,-68.577,77.973,44.953,SEPT POLARX5
69,DGAR00GBR,1916269.343,6029977.688999999,-801719.821,-7.27,72.37,-64.345,SEPT POLARX5
70,DJIG00DJI,4583086.1415,4250982.5036,1266243.0645,11.526,42.847,711.812,SEPT POLARX5
71,DLF100NLD,3924697.942,301124.893,5001905.154,51.986000000000004,4.387,76.283,TRIMBLE NETR9
72,DLTV00VNM,-1978879.0969999998,5920511.651000001,1311808.34,11.945,108.48200000000001,1585.694,TRIMBLE NETR9
73,DRAO00CAN,-2059164.6819999998,-3621108.3880000003,4814432.366,49.323,-119.625,542.2909999999999,SEPT POLARX5
74,DUBO00CAN,-417603.6,-4064529.8,4881432.16,50.25899999999999,-95.866,245.695,SEPT POLARX5
75,DUMG00ATA,-1940884.0,1628468.0,-5833720.0,-66.665,140.002,-2.9389999999999996,LEICA GR25
76,DUND00NZL,-4388121.17,726671.05,-4556535.63,-45.88399999999999,170.597,389.288,TRIMBLE ALLOY
77,DYNG00GRC,4595220.016,2039434.081,3912626.0069999998,38.079,23.932,510.995,SEPT POLARX5
78,EBRE00ESP,4833520.0,41536.0,4147461.0,40.821,0.49200000000000005,107.745,LEICA GR50
79,ENAO00PRT,4375732.153,-2329166.8140000002,4000238.2810000004,39.091,-28.026,91.975,JAVAD TRE_3
80,FAA100PYF,-5247393.1110000005,-3076867.223,-1911521.5280000002,-17.555,-149.614,12.543,SEPT POLARX5
81,FAIR00USA,-2281621.7717,-1453595.9493,5756961.9444,64.97800000000001,-147.499,319.623,SEPT POLARX5
82,FALK00FLK,2106811.344,-3355170.6666,-4981786.3348,-51.693999999999996,-57.873999999999995,51.275,SEPT POLARX5
83,FFMJ00DEU,4053455.7,617729.9,4869395.9,50.091,8.665,178.696,JAVAD TRE_3 DELTA
84,FLIN00CAN,-766174.46,-3611375.32,5184056.22,54.726000000000006,-101.978,311.932,SEPT POLARX5
85,FLRS00PRT,4221530.01,-2549242.33,4031397.8,39.454,-31.125999999999998,80.286,TRIMBLE ALLOY
86,FTNA00WLF,-6178322.4459,-202694.9925,-1566024.4684,-14.308,-178.12099999999998,85.262,TRIMBLE NETR9
87,FUNC00PRT,5143339.43,-1563412.87,3421191.44,32.648,-16.908,78.917,TRIMBLE ALLOY
88,GAMB00PYF,-4147126.8085,-4152222.1446,-2490033.108,-23.13,-134.965,81.068,TRIMBLE NETR9
89,GAMG00KOR,-3191598.0,4096876.0,3691823.0,35.59,127.92,898.703,SEPT POLARX5TR
90,GANP00SVK,3929181.5,1455236.8,4793653.9,49.035,20.323,746.453,TRIMBLE ALLOY
91,GCGO00USA,-2281621.6297,-1453585.1138,5756964.9518,64.97800000000001,-147.499,319.835,JAVAD TRE_3 DELTA
92,GENO00ITA,4507890.272,707618.974,4441603.008,44.419,8.921,153.878,LEICA GR30
93,GLPS00ECU,-33801.259,-6377516.5276,-82154.3037,-0.743,-90.304,2.188,JAVAD TRE_G3TH DELTA
94,GLSV00UKR,3512889.29,2068980.654,4888903.261,50.364,30.497,227.227,TRIMBLE NETR9
95,GODE00USA,1130773.7179999999,-4831253.581,3994200.422,39.022,-76.827,14.927,SEPT POLARX5TR
96,GODN00USA,1130760.8757,-4831298.688,3994155.1861,39.021,-76.827,18.294,JAVAD TRE_3 DELTA
97,GODS00USA,1130752.3046,-4831349.1223,3994098.9504,39.021,-76.827,19.523,JAVAD TRE_3 DELTA
98,GOLD00USA,-2353614.316,-4641385.3523,3676976.434,35.425,-116.889,987.097,JAVAD TRE_G3TH DELTA
99,GOP600CZE,3979319.62,1050311.94,4857064.38,49.913999999999994,14.786,593.033,SEPT POLARX5
100,GOP700CZE,3979319.64,1050311.92,4857064.37,49.913999999999994,14.786,593.035,TRIMBLE NETR9
101,GOPE00CZE,3979316.1339999996,1050312.478,4857067.108,49.913999999999994,14.786,593.038,TRIMBLE ALLOY
102,GRAC00FRA,4581708.63,556132.23,4389340.93,43.754,6.921,1320.227,LEICA GR50
103,GRAS00FRA,4581690.811000001,556114.9720000001,4389360.88,43.755,6.921,1319.745,TRIMBLE NETR9
104,GRAZ00AUT,4194424.124,1162702.46,4647245.193,47.067,15.493,538.7180000000001,SEPT POLARX5
105,GUAM00GUM,-5071312.6574,3568363.6347,1488904.4019999998,13.589,144.868,202.317,JAVAD TRE_3 DELTA
106,HAL100USA,-5466017.9454,-2404394.6546,2242210.2481,20.706999999999997,-156.256,3073.2509999999997,SEPT POLARX5
107,HARB00ZAF,5084657.615,2670325.2503,-2768481.0274,-25.886999999999997,27.706999999999997,1558.489,SEPT POLARX5TR
108,HERS00GBR,4033471.33,23667.86,4924300.35,50.867,0.336,76.92699999999999,SEPT POLARX5TR
109,HKSL00HKG,-2393382.414,5393861.187000001,2412592.401,22.372,113.928,95.712,LEICA GR50
110,HKWS00HKG,-2430579.004,5374285.676,2418956.331,22.434,114.335,64.197,LEICA GR50
111,HOB200AUS,-3950072.2469,2522415.3633,-4311637.4024,-42.805,147.439,41.458,SEPT POLARX5
112,HOFN00ISL,2679689.848,-727951.343,5722788.897999999,64.267,-15.198,82.741,LEICA GR50
113,HOLB00CAN,-2503040.424,-3188233.325,4908701.5430000005,50.64,-128.135,560.021,SEPT POLARX5
114,HRAG00ZAF,5085418.18,2668226.51,-2768758.21,-25.89,27.685,1407.7879999999998,JAVAD TRE_G3TH DELTA
115,HRAO00ZAF,5085352.597,2668395.992,-2768731.5510000004,-25.89,27.686999999999998,1414.744,SEPT POLARX5TR
116,HUEG00DEU,4251963.3,567043.8,4704708.7,47.833999999999996,7.596,278.745,JAVAD TRE_3 DELTA
117,IENG00ITA,4476537.4,600431.46,4488761.34,45.015,7.638999999999999,317.04900000000004,SEPT POLARX4TR
118,IISC00IND,1337936.455,6070317.1261,1427876.7852,13.020999999999999,77.57,844.117,SEPT POLARX5
119,INEG00MEX,-1260435.67,-5788547.37,2360340.12,21.855999999999998,-102.28399999999999,1888.4979999999998,TRIMBLE ALLOY
120,ISHI00JPN,-3959648.7541,3296836.3371,3747005.5756,36.209,140.219,156.249,TRIMBLE ALLOY
121,ISTA00TUR,4208830.46,2334850.14,4171267.18,41.104,29.019000000000002,147.665,LEICA GR25
122,JCTW00ZAF,5023564.462,1677795.751,-3542025.865,-33.951,18.469,84.01299999999999,TRIMBLE NETR9
123,JDPR00IND,1671950.8578,5476891.3303,2799675.5722,26.206,73.024,167.703,TRIMBLE ALLOY
124,JFNG00CHN,-2279828.8292,5004706.5483,3219777.4684,30.516,114.491,71.73899999999999,TRIMBLE ALLOY
125,JNAV00VNM,-1626346.47,5730605.79,2271881.48,21.005,105.844,35.275,TRIMBLE NETR9
126,JOG200IDN,-2200208.0871,5924895.6273,-855929.2334,-7.763999999999999,110.37200000000001,174.77599999999998,JAVAD TRE_G3TH DELTA
127,JOZ200POL,3664881.0,1409190.0,5009618.0,52.098,21.031999999999996,152.696,TRIMBLE NETR9
128,JOZE00POL,3664940.5,1409153.59,5009571.17,52.097,21.031999999999996,141.834,SEPT POLARX5
129,JPLM00USA,-2493304.6796,-4655215.1032,3565497.5918,34.205,-118.17299999999999,424.45599999999996,SEPT POLARX5
130,JPRE00ZAF,5064032.232,2724721.0539999995,-2752950.7210000004,-25.732,28.283,1387.7379999999998,TRIMBLE NETR9
131,KARR00AUS,-2713833.2672,5303935.1068,-2269513.7525,-20.980999999999998,117.09700000000001,109.54299999999999,SEPT POLARX5
132,KAT100AUS,-4147413.8151,4581462.5866,-1573359.0833,-14.376,132.153,184.69099999999997,SEPT POLARX5
133,KERG00ATF,1406337.0,3918161.0,-4816167.0,-49.351000000000006,70.256,73.04899999999999,TRIMBLE NETR9
134,KGNI00JPN,-3941949.165,3368156.3430000003,3702214.825,35.71,139.488,123.949,JAVAD TRE_G3TH DELTA
135,KIR000SWE,2248123.504,865686.5329999999,5886425.594,67.878,21.06,498.413,SEPT POLARX5
136,KIR800SWE,2248127.371,865685.468,5886424.301,67.878,21.06,498.43,TRIMBLE ALLOY
137,KIRI00KIR,-6327822.4922,785604.1018,149769.0463,1.355,172.923,36.59,TRIMBLE NETR9
138,KIRU00SWE,2251420.999,862817.095,5885476.563999999,67.857,20.968000000000004,391.348,SEPT POLARX5
139,KIT300UZB,1944944.8306,4556652.4180000005,4004326.1235,39.135,66.885,623.025,SEPT ASTERX4
140,KITG00UZB,1944879.726,4556783.77,4004205.937,39.133,66.887,621.054,SEPT POLARX5
141,KMNM00TWN,-2761837.8555,5110347.1476,2625150.8677,24.464000000000002,118.389,49.493,TRIMBLE ALLOY
142,KOKB00USA,-5543838.3609,-2054586.6103,2387810.1225,22.125999999999998,-159.665,1167.93,SEPT POLARX5TR
143,KOKV00USA,-5543838.3609,-2054586.6103,2387810.1225,22.125999999999998,-159.665,1167.93,JAVAD TRE_G3TH DELTA
144,KOS100NLD,3899613.9480000003,397361.592,5014738.666,52.173,5.818,105.235,SEPT POLARX5E
145,KOST00KAZ,1701038.957,3427939.4424,5085671.495,53.225,63.608000000000004,159.701,LEICA GR10
146,KOUC00NCL,-5751222.6620000005,1617967.645,-2225744.2180000003,-20.559,164.287,84.58,TRIMBLE NETR9
147,KOUG00GUF,3855263.0,-5049731.0,563040.0,5.098,-52.64,106.61399999999999,SEPT POLARX5TR
148,KOUR00GUF,3839591.4469999997,-5059567.538,579956.8670000001,5.252000000000001,-52.806000000000004,-25.362,SEPT POLARX5
149,KRGG00ATF,1406336.2099,3918154.6213,-4816172.8453,-49.352,70.256,73.4,TRIMBLE ALLOY
150,KSU100USA,-570504.689,-4923591.018,4001208.4839,39.101,-96.609,326.013,SEPT POLARX5
151,KUJ200CAN,773263.38,-3557025.2,5219841.77,55.29,-77.735,9.074,SEPT POLARX5
152,KZN200RUS,2352345.7,2717466.1,5251458.5,55.791000000000004,49.119,94.113,TRIMBLE ALLOY
153,LAUT00FJI,-6075194.5,270924.0,-1917189.6,-17.609,177.447,90.074,SEPT POLARX5
154,LCK300IND,894676.3053,5620593.4735,2869571.0496,26.912,80.956,64.57600000000001,TRIMBLE ALLOY
155,LCK400IND,894678.4718,5620595.0084,2869567.4303,26.912,80.956,64.594,TRIMBLE ALLOY
156,LEIJ00DEU,3898736.2,855345.5,4958372.6,51.354,12.374,178.861,JAVAD TRE_3 DELTA
157,LHAZ00CHN,-106943.5,5549296.14,3139212.6,29.656999999999996,91.104,3646.671,LEICA GR25
158,LICC00GBR,3978703.5689999997,-12141.038,4968417.218,51.5,-0.175,89.084,CHC P5E
159,LLAG00ESP,5384906.53,-1576770.73,3023828.01,28.482,-16.320999999999998,623.236,JAVAD TRE_G2T DELTA
160,LMMF00MTQ,2993387.952,-5399363.731000001,1596748.042,14.595,-60.996,-26.566,TRIMBLE ALLOY
161,LPGS00ARG,2780102.9896,-4437418.9149,-3629404.5253,-34.907,-57.931999999999995,30.285999999999998,JAVAD TRE_3
162,LROC00FRA,4424632.8,-94175.5,4577543.9,46.159,-1.219,58.323,LEICA GR25
163,M0SE00ITA,4642432.5,1028629.4,4236854.2,41.893,12.493,120.979,LEICA GR25
164,MAC100AUS,-3464038.4875,1334172.7432,-5169224.4229,-54.5,158.936,-6.2589999999999995,SEPT POLARX5
165,MADR00ESP,4849202.393999999,-360328.9929,4114913.1862,40.429,-4.25,829.8789999999999,JAVAD TRE_G3TH DELTA
166,MAJU00MHL,-6257572.5057,950332.3662,785215.1556,7.119,171.365,34.251999999999995,SEPT POLARX4TR
167,MAL200KEN,4865385.694,4110717.189,-331137.637,-2.9960000000000004,40.194,-20.506999999999998,SEPT POLARX5
168,MAR600SWE,2998189.713,931451.589,5533398.472999999,60.595,17.259,75.818,SEPT POLARX5
169,MAR700SWE,2998198.758,931449.71,5533392.637999999,60.595,17.258,74.70100000000001,TRIMBLE ALLOY
170,MARS00FRA,4630532.8,433946.1,4350142.6,43.278999999999996,5.354,62.162,LEICA GR50
171,MAS100ESP,5439192.262999999,-1522055.61,2953454.72,27.764,-15.633,197.57,SEPT POLARX5
172,MAT100ITA,4641951.507,1393053.602,4133280.8210000005,40.649,16.705,534.947,LEICA GR30
173,MATE00ITA,4641949.709,1393045.2980000002,4133287.333,40.649,16.704,536.072,LEICA GR30
174,MATG00ITA,4641953.035,1393063.5469999998,4133279.5889999997,40.649,16.705,537.424,LEICA GR10
175,MAW100ATA,1111287.138,2168911.297,-5874493.643999999,-67.605,62.871,59.633,SEPT POLARX5
176,MAYG00MYT,4379104.6069,4418744.4751,-1401897.9428,-12.782,45.258,-15.947000000000001,TRIMBLE ALLOY
177,MBAR00UGA,5482951.3876,3260442.6429,-66519.8489,-0.601,30.738000000000003,1338.0529999999999,JAVAD TRE_3 DELTA
178,MCHL00AUS,-4857858.923,3018464.3659,-2814983.2231,-26.359,148.145,534.992,TRIMBLE ALLOY
179,MCIL00JPN,-5227188.142,2551880.364,2607617.909,24.29,153.97899999999998,36.073,TRIMBLE ALLOY
180,MCM400ATA,-1311703.172,310814.982,-6213255.16,-77.83800000000001,166.669,98.476,JAVAD TRE_G3TH DELTA
181,MDO100USA,-1329998.797,-5328393.357,3236504.1410000003,30.680999999999997,-104.015,2004.891,SEPT POLARX5
182,MEDI00ITA,4461400.893999999,919593.443,4449504.669,44.52,11.647,50.471000000000004,LEICA GR10
183,MELI00ESP,5205630.0,-268410.0,3663434.0,35.281,-2.952,93.899,LEICA GR10
184,MERS00TUR,4239149.446,2886967.945,3778877.023,36.566,34.256,38.89,LEICA GR50
185,MET300FIN,2892583.975,1311799.563,5512619.853999999,60.217,24.395,79.624,JAVAD TRE_3 DELTA
186,METG00FIN,2890652.5,1310295.548,5513958.877,60.242,24.384,60.115,SEPT POLARX5
187,MGUE00ARG,1823327.909,-4850352.447,-3709085.5360000003,-35.777,-69.398,1554.141,SEPT POLARX5TR
188,MIKL00UKR,3698554.628,2308675.267,4639770.433999999,46.973,31.973000000000003,95.132,LEICA GR10
189,MIZU00JPN,-3857167.6484,3108694.9138,4004041.6876,39.135,141.13299999999998,117.427,SEPT POLARX5
190,MKEA00USA,-5464105.317000001,-2495165.8419999997,2148291.476,19.801,-155.45600000000002,3755.067,SEPT POLARX5
191,MOBS00AUS,-4130636.7539999997,2894953.14,-3890530.236,-37.829,144.975,40.989,SEPT POLARX5
192,MOIU00KEN,5207811.3703,3685972.9487,31891.7647,0.28800000000000003,35.29,2201.9320000000002,JAVAD TRE_3 DELTA
193,MQZG00NZL,-4580569.5430000005,590465.441,-4384380.166,-43.703,172.655,155.125,TRIMBLE ALLOY
194,MRC100USA,1092811.8197,-4877221.9707,3948968.1089999997,38.499,-77.37100000000001,27.622,SEPT POLARX5
195,MRO100AUS,-2556630.0377,5097138.2766,-2848384.7814,-26.697,116.637,354.463,TRIMBLE NETR9
196,MSSA00JPN,-3854396.7261,3427835.9923,3741739.5228,36.14,138.352,1626.8370000000002,TRIMBLE NETR9
197,NABG00NOR,1201009.37,252158.016,6238022.126,78.943,11.857000000000001,43.361999999999995,TRIMBLE NETR9
198,NANO00CAN,-2335726.73,-3451608.329,4812009.971,49.295,-124.086,6.989,SEPT POLARX5
199,NAUR00NRU,-6212555.1726,1442786.6229,-61006.7968,-0.552,166.926,46.678000000000004,SEPT POLARX4TR
200,NCKU00TWN,-2956913.107,5075881.93,2476417.1119999997,22.997,120.223,98.625,TRIMBLE NETR9
201,NICO00CYP,4359417.88,2874117.01,3650778.27,35.141,33.396,192.145,LEICA GR50
202,NIUM00NIU,-5937159.6673,-1054675.7248,-2071390.5806,-19.077,-169.92700000000002,90.527,TRIMBLE NETR9
203,NKLG00GAB,6287385.7333,1071574.6758,39132.0395,0.354,9.672,31.89,SEPT POLARX5
204,NLIB00USA,-130934.4493,-4762291.7386,4226854.6638,41.772,-91.575,207.467,SEPT POLARX5TR
205,NNOR00AUS,-2414151.326,4907778.436000001,-3270645.333,-31.049,116.193,235.248,SEPT POLARX5TR
206,NOT100ITA,4934528.669,1321262.251,3806479.508,36.876,14.99,126.65700000000001,LEICA GR30
207,NRC100CAN,1112777.33,-4341475.83,4522955.78,45.45399999999999,-75.624,82.90700000000001,JAVAD TRE_G3TH DELTA
208,NRMD00NCL,-5743537.658,1380504.26,-2397897.027,-22.228,166.485,160.792,TRIMBLE NETR9
209,NTUS00SGP,-1508022.0,6195580.0,148800.0,1.3459999999999999,103.68,78.867,LEICA GR50
210,NYA100NOR,1202434.0,252632.0,6237772.0,78.93,11.865,84.13,TRIMBLE NETR9
211,NYA200NOR,1202379.31,252474.65399999998,6237786.542,78.93,11.859000000000002,81.914,SEPT POLARX5
212,NYAL00NOR,1202431.0,252627.0,6237768.0,78.93,11.865,79.443,TRIMBLE NETR9
213,OBE400DEU,4186704.43,834903.583,4723664.857,48.085,11.277999999999999,650.987,SEPT ASTERX4
214,OHI200ATA,1525811.8,-2432479.1,-5676166.0,-63.321000000000005,-57.901,33.594,JAVAD TRE_G3TH DELTA
215,OHI300ATA,1525808.9,-2432478.5,-5676166.0,-63.321000000000005,-57.901,32.674,LEICA GR50
216,ONS100SWE,3370667.1980000003,711818.723,5349787.879,57.395,11.925,44.858000000000004,TRIMBLE ALLOY
217,ONSA00SWE,3370658.832,711876.939,5349786.745,57.395,11.925999999999998,45.974,SEPT POLARX5TR
218,OP7100FRA,4202779.735,171370.766,4778660.65,48.836000000000006,2.335,124.98700000000001,SEPT POLARX4TR
219,ORID00MKD,4498451.81,1708266.83,4173591.78,41.126999999999995,20.794,773.4169999999999,LEICA GR30
220,OUS200NZL,-4387890.8367,733420.3903,-4555176.3706,-45.869,170.511,26.545,SEPT POLARX5
221,OWMG00NZL,-4584394.1059,-290931.9957,-4410048.0233,-44.023999999999994,-176.36900000000003,22.026999999999997,TRIMBLE ALLOY
222,P04300USA,-1128701.5937,-4465270.5852,4399615.9675,43.881,-104.186,1491.360,SEPT POLARX5
223,P05100USA,-1416838.9163,-4223178.9758,4551064.1022,45.807,-108.546,1081.527,SEPT POLARX5
224,P05300USA,-1283559.1005,-4015770.3241,4771131.6324,48.726,-107.725,815.419,SEPT POLARX5
225,P38900USA,-2347407.3618,-3968720.2532,4394008.5091,43.812,-120.603,1398.318,SEPT POLARX5
226,P80200USA,-810033.1477,-4318611.4126,4608498.8926,46.558,-100.623,573.530,SEPT POLARX5
227,PADO00ITA,4388882.41,924567.03,4519588.45,45.411,11.895999999999999,65.126,STONEX SC2200
228,PALM00ATA,1192671.992,-2450887.706,-5747096.183999999,-64.775,-64.051,31.685,JAVAD TRE_G3TH DELTA
229,PARC00CHL,1255992.5,-3622975.2,-5079719.2,-53.137,-70.88,22.725,TRIMBLE ALLOY
230,PARK00AUS,-4554255.2187,2816652.4462,-3454059.7028,-32.999,148.265,397.79,SEPT POLARX5TR
231,PDEL00PRT,4551596.1389999995,-2186893.415,3883410.6789999995,37.748000000000005,-25.663,111.18,TRIMBLE ALLOY
232,PERT00AUS,-2368688.0354,4881316.6934,-3341794.975,-31.802,115.885,13.08,TRIMBLE NETR9
233,PGEN00PHL,-3650007.527,5187339.662,669409.452,6.065,125.132,121.525,LEICA GR50
234,PICL00CAN,-11253.04,-3980586.68,4967210.25,51.48,-90.162,315.531,SEPT POLARX5
235,PIE100USA,-1640916.928,-5014781.187,3575447.077,34.302,-108.119,2348.129,JAVAD TRE_3 DELTA
236,PIMO00PHL,-3186293.8,5286624.28,1601158.31,14.636,121.07799999999999,95.936,JAVAD TRE_G3TH DELTA
237,PNGM00PNG,-5367943.2,3437431.2,-225886.0,-2.043,147.366,116.751,TRIMBLE NETR9
238,POAL00BRA,3467519.4,-4300378.53,-3177517.73,-30.074,-51.12,77.155,TRIMBLE NETR9
239,POHN00FSM,-5879158.7411,2350291.7598,767748.1911,6.96,158.21,91.101,SEPT POLARX5
240,POL200KGZ,1239971.4511,4530790.0876,4302578.795,42.68,74.694,1714.63,JAVAD TRE_3 DELTA
241,POLV00UKR,3411557.338,2348463.835,4834396.643,49.603,34.543,178.551,LEICA GR50
242,POTS00DEU,3800689.6339999996,882077.3859999999,5028791.318,52.379,13.065999999999999,144.85299999999998,JAVAD TRE_3
243,POVE00BRA,2774265.608,-5662060.1407,-959415.8531,-8.709,-63.896,119.975,TRIMBLE NETR9
244,PPPC00PHL,-3022676.4710000004,5511839.403,1075517.567,9.773,118.74,66.945,LEICA GR50
245,PRDS00CAN,-1659602.83,-3676725.75,4925493.59,50.871,-114.29299999999999,1248.373,JAVAD TRE_3N DELTA
246,PTAG00PHL,-3184318.745,5291065.489,1590418.235,14.535,121.041,87.051,LEICA GR50
247,PTBB00DEU,3844060.11,709661.2,5023129.46,52.29600000000001,10.46,130.681,SEPT POLARX5TR
248,PTGG00PHL,-3184365.6327,5291038.8848,1590414.0821,14.535,121.041,87.34700000000001,SEPT POLARX5
249,PTVL00VUT,-5950573.262,1230677.252,-1932016.9540000001,-17.749000000000002,168.315,86.846,TRIMBLE NETR9
250,QAQ100GRL,2170942.18,-2251829.95,5539988.29,60.715,-46.048,110.835,SEPT POLARX5
251,QUIN00USA,-2517231.2090000003,-4198595.058,4076531.208,39.975,-120.944,1106.188,JAVAD TRE_3 DELTA
252,RABT00MAR,5255617.68,-631745.622,3546322.61,33.998000000000005,-6.854,90.539,JAVAD TRE_3 DELTA
253,RAEG00PRT,4618477.733,-2166047.526,3816304.845,36.986,-25.125999999999998,298.32,LEICA GR25
254,RDSD00DOM,2078681.178,-5683736.413,2006886.9092,18.461,-69.911,-8.802999999999999,TRIMBLE NETR9
255,REDU00BEL,4091423.462,368380.429,4863179.703,50.001999999999995,5.145,370.327,SEPT POLARX5
256,REUN00REU,3364099.1673,4907944.4587,-2293466.897,-21.208000000000002,55.571999999999996,1558.807,SEPT POLARX5
257,REYK00ISL,2587384.5330000003,-1043033.497,5716564.007999999,64.139,-21.955,93.54,LEICA GR50
258,RGDG00ARG,1429870.3961,-3495334.7685,-5122723.0071,-53.786,-67.752,32.8,TRIMBLE ALLOY
259,RIGA00LVA,3183899.3439999996,1421478.378,5322810.7360000005,56.949,24.059,35.155,LEICA GR25
260,RIO200ARG,1429907.7834,-3495354.8119,-5122698.6553,-53.785,-67.751,32.477,SEPT ASTERX4
261,ROAG00ESP,5105577.352,-555208.925,3769714.099,36.463,-6.206,83.661,SEPT POLARX5TR
262,SALU00BRA,4566947.87,-4443098.5,-286674.66,-2.593,-44.211999999999996,19.352999999999998,TRIMBLE NETR9
263,SAMO00WSM,-6129702.2557,-890029.4165,-1516807.4422,-13.849,-171.738,77.285,TRIMBLE NETR9
264,SANT00CHL,1769693.5880000002,-5044574.183999999,-3468320.9069999997,-33.15,-70.669,723.4910000000001,SEPT POLARX5
265,SASK00CAN,-1106129.71,-3758704.03,5016675.77,52.196000000000005,-106.398,579.01,JAVAD TRE_G3TH DELTA
266,SAVO00BRA,4870283.7503,-3864605.3094,-1418872.4823,-12.939,-38.431999999999995,76.704,TRIMBLE NETR9
267,SCH200CAN,1448636.93,-3385243.67,5191046.95,54.832,-66.833,498.624,JAVAD TRE_3N DELTA
268,SCOR00GRL,1982096.1,-798821.025,5989464.5,70.485,-21.95,128.94,SEPT POLARX5
269,SCRZ00BOL,2743005.9239999996,-5420745.291,-1937117.112,-17.797,-63.16,442.51,LEICA GR10
270,SCTB00ATA,-1311028.8,308512.8,-6213390.9,-77.84899999999999,166.75799999999998,-18.45,TRIMBLE ALLOY
271,SCUB00CUB,1474538.1759,-5811243.3797,2168958.8133,20.012,-75.762,21.436,JAVAD TRE_G3TH DELTA
272,SEME00KAZ,688306.417,4012382.787,4893725.828,50.433,80.266,180.644,LEICA GR10
273,SEY200SYC,3602867.3394,5238179.3811,-516268.0725,-4.6739999999999995,55.479,539.216,JAVAD TRE_G3TH DELTA
274,SEYG00SYC,3597836.0,5240884.0,-516781.0,-4.678999999999999,55.531000000000006,-37.238,SEPT POLARX5
275,SFDM00USA,-2532676.4067,-4615598.8587,3588781.3303,34.46,-118.755,291.939,SEPT POLARX5
276,SFER00ESP,5105519.055,-555146.005,3769803.2460000003,36.464,-6.206,84.56299999999999,LEICA GR25
277,SGOC00LKA,1113280.0609,6233644.2886,760276.9549,6.892,79.874,-78.095,JAVAD TRE_3
278,SGPO00USA,-667801.1647,-5082858.388,3782394.883,36.604,-97.485,290.586,JAVAD TRE_3
279,SIN100SGP,-1507972.56,6195614.06,148488.0,1.3430000000000002,103.679,92.943,TRIMBLE NETR9
280,SOD300FIN,2200149.224,1091650.85,5866868.645,67.421,26.389,301.29400000000004,JAVAD TRE_3 DELTA
281,SOFI00BGR,4319372.39,1868687.57,4292063.8,42.556000000000004,23.395,1120.009,LEICA GR50
282,SOLO00SLB,-5911340.124,2156887.299,-1038664.005,-9.435,159.954,123.225,TRIMBLE NETR9
283,SPT000SWE,3328984.813,761910.066,5369033.475,57.715,12.890999999999998,220.34400000000002,SEPT POLARX5TR
284,SPTU00BRA,3766123.31,-4567433.46,-2367323.83,-21.929000000000002,-50.492,509.18199999999996,TRIMBLE NETR9
285,STFU00USA,-2700404.18,-4292605.52,3855137.41,37.427,-122.17299999999999,20.834,JAVAD TRE_G3TH DELTA
286,STHL00GBR,6104817.307999999,-605827.996,-1740738.865,-15.943,-5.667000000000001,453.695,JAVAD TRE_3 DELTA
287,STJ300CAN,2612588.6706,-3426820.6402,4686773.7555,47.595,-52.678000000000004,154.946,SEPT POLARX5TR
288,STJO00CAN,2612631.2,-3426807.0,4686757.8,47.595,-52.678000000000004,153.238,JAVAD TRE_3N DELTA
289,STK200JPN,-3642161.2060000002,2861487.883,4370351.333000001,43.528999999999996,141.845,118.965,TRIMBLE ALLOY
290,STPM00SPM,2436208.256,-3634804.894,4624885.452,46.778,-56.168,0.903,TRIMBLE NETR9
291,STR100AUS,-4467103.1971,2683039.4779,-3666948.7528,-35.316,149.01,800.342,SEPT POLARX5
292,STR200AUS,-4467075.2448,2683011.8532,-3667007.0505,-35.316,149.01,802.8839999999999,TRIMBLE ALLOY
293,SULP00UKR,3765296.9910000004,1677559.2040000001,4851297.409,49.836000000000006,24.014,370.957,TRIMBLE NETR9
294,SUTH00ZAF,5041274.8417,1916054.1204,-3397075.9716,-32.38,20.81,1800.182,SEPT POLARX5
295,SUTM00ZAF,5041190.169,1916067.017,-3397189.514,-32.381,20.811,1798.017,JAVAD TRE_3
296,SVTL00RUS,2730156.0,1562365.0,5529989.0,60.533,29.781,77.227,JAVAD TRE_3 DELTA
297,SYDN00AUS,-4648240.8542,2560636.4459,-3526317.7896,-33.781,151.15,85.98700000000001,SEPT POLARX5TR
298,SYOG00ATA,1766207.8686,1460290.3801,-5932297.7652,-69.007,39.584,50.538999999999994,TRIMBLE ALLOY
299,TASH00UZB,1695945.1994,4487138.5684,4190140.6931,41.328,69.296,440.12300000000005,SEPT ASTERX4
300,THTG00PYF,-5246414.0,-3077260.0,-1913842.0,-17.577,-149.606,97.10700000000001,SEPT POLARX5TR
301,THU200GRL,538093.193,-1389088.13,6180979.36,76.53699999999999,-68.825,36.674,SEPT POLARX5
302,TID100AUS,-4460996.9496,2682557.0840000003,-3674442.6322,-35.399,148.98,665.7289999999999,SEPT POLARX5
303,TIT200DEU,3993787.1,450204.2,4936131.8,51.035,6.432,156.532,JAVAD TRE_3 DELTA
304,TLSE00FRA,4627851.899,119638.546,4372993.537,43.56100000000001,1.4809999999999999,207.62599999999998,TRIMBLE NETR9
305,TLSG00FRA,4628684.7869,119997.1258,4372110.3365,43.55,1.485,209.18,SEPT POLARX5TR
306,TONG00TON,-5930303.7231,-500147.2009,-2286366.2029,-21.145,-175.179,56.732,SEPT POLARX5
307,TOPL00BRA,4174345.6,-4690236.73,-1118921.27,-10.171,-48.331,256.92900000000003,TRIMBLE NETR9
308,TOW200AUS,-5054583.3956,3275504.1093,-2091538.4702,-19.269000000000002,147.056,88.50299999999999,SEPT POLARX5
309,TRO100NOR,2102929.0,721619.0,5958196.0,69.663,18.94,138.415,TRIMBLE NETR9
310,TSK200JPN,-3957184.1089999997,3310231.7260000003,3737703.9560000002,36.106,140.08700000000002,70.35,TRIMBLE ALLOY
311,TSKB00JPN,-3957199.24,3310199.668,3737711.708,36.106,140.08700000000002,67.67699999999999,TRIMBLE ALLOY
312,TUVA00TUV,-6307543.7662,88454.3221,-939278.1193,-8.525,179.197,38.826,SEPT POLARX5
313,TWTF00TWN,-2994425.04,4951312.24,2674498.6,24.954,121.164,203.52900000000002,SEPT POLARX4TR
314,UCAL00CAN,-1641945.2,-3664804.1,4940009.3,51.08,-114.134,1119.238,TRIMBLE NETR9
315,UCLU00CAN,-2440669.042,-3416437.062,4785136.848999999,48.926,-125.542,10.487,SEPT POLARX5
316,UFPR00BRA,3763751.6760000004,-4365113.8613,-2724404.579,-25.448,-49.231,926.179,TRIMBLE NETR9
317,ULAB00MNG,-1257408.9234,4099404.3974,4707992.6715,47.865,107.052,1576.101,JAVAD TRE_3
318,UNB300CAN,1761288.2,-4078238.6,4561417.8,45.95,-66.642,23.32,TRIMBLE ALLOY
319,UNBD00CAN,1761305.9,-4078238.57,4561411.35,45.95,-66.641,23.545,JAVAD TRE_G2T DELTA
320,UNBN00CAN,1761288.2,-4078238.6,4561417.8,45.95,-66.642,23.32,NOV OEM6
321,UNX200AUS,-4644465.21,2549952.76,-3538929.46,-33.918,151.232,87.491,JAVAD TRE_G3TH DELTA
322,UNX300AUS,-4644465.21,2549952.76,-3538929.46,-33.918,151.232,87.491,SEPT POLARX4
323,URAL00RUS,1716013.966,3047281.6969999997,5316302.551,56.838,60.615,278.057,TRIMBLE R9S
324,URUM00CHN,193030.2318,4606851.3319999995,4393311.5615,43.808,87.601,859.352,JAVAD TRE_3
325,USCL00CHL,1762489.8869999999,-5027632.74,-3496009.235,-33.45,-70.681,570.606,SEPT POLARX5
326,USN700USA,1112162.138,-4842854.666999999,3985497.066,38.921,-77.066,59.346000000000004,SEPT POLARX5TR
327,USN800USA,1112162.138,-4842854.666999999,3985497.066,38.921,-77.066,59.346000000000004,SEPT POLARX5TR
328,USN900USA,1112162.138,-4842854.666999999,3985497.066,38.921,-77.066,59.346000000000004,NOV OEM6
329,USP100FJI,-6060627.2843,164379.897,-1974093.2186,-18.149,178.446,70.96600000000001,PANDA PD51A
330,USUD00JPN,-3855263.0361,3427432.5571,3741020.2929,36.133,138.362,1509.039,SEPT POLARX5
331,UTQI00USA,-1880399.9215,-813136.6979,6019921.5735,71.32300000000001,-156.615,12.565,JAVAD TR_G3TH
332,VACS00MUS,3215946.33,5047448.47,-2198719.6,-20.297,57.497,420.75,SEPT POLARX5
333,VILL00ESP,4849833.874,-335049.255,4116014.809,40.444,-3.952,647.835,SEPT POLARX5
334,VIS000SWE,3246470.561,1077900.313,5365277.902,57.653999999999996,18.367,80.218,SEPT POLARX5
335,VNDP00USA,-2678090.1164,-4525437.3954,3597431.7369,34.556,-120.616,-11.085,SEPT POLARX5
336,VOIM00MDG,4054014.146,4316070.228999999,-2365224.017,-21.906,46.793,1163.786,JAVAD TR_G3TH
337,WARK00NZL,-5115333.2299,477886.9079,-3767147.473,-36.434,174.66299999999998,111.71,TRIMBLE ALLOY
338,WARN00DEU,3658785.6,784471.1,5147870.7,54.17,12.100999999999999,51.174,JAVAD TRE_3 DELTA
339,WGTN00NZL,-4777269.46,434270.155,-4189484.4910000004,-41.323,174.80599999999998,26.486,TRIMBLE ALLOY
340,WHIT00CAN,-2218337.85,-2201205.06,5543057.57,60.751000000000005,-135.222,1427.808,SEPT POLARX5
341,WILL00CAN,-2084258.016,-3313872.98,5019853.081,52.237,-122.168,1096.093,SEPT POLARX5
342,WIND00NAM,5633708.7802,1732017.696,-2433985.8026,-22.575,17.089000000000002,1735.0829999999999,JAVAD TRE_3
343,WROC00POL,3835751.0,1177249.0,4941605.0,51.113,17.062,180.697,LEICA GR50
344,WSRT00NLD,3828739.0,443305.0,5064887.0,52.915,6.605,86.42399999999999,SEPT POLARX5
345,WTZ300DEU,4075535.3,931822.185,4801608.915,49.145,12.879000000000001,663.837,JAVAD TRE_G3TH DELTA
346,WTZR00DEU,4075580.685,931853.66,4801568.054,49.144,12.879000000000001,666.462,LEICA GR50
347,WTZS00DEU,4075535.3,931822.185,4801608.915,49.145,12.879000000000001,663.837,SEPT POLARX5TR
348,WTZZ00DEU,4075579.269,931853.281,4801569.136,49.144,12.879000000000001,666.322,JAVAD TRE_3 DELTA
349,WUH200CHN,-2267749.0,5009154.0,3221290.0,30.531999999999996,114.35700000000001,25.541,JAVAD TRE_3
350,WUHN00CHN,-2267750.266,5009156.142,3221291.898,30.531999999999996,114.35700000000001,28.635,TRIMBLE NETR9
351,XMIS00AUS,-1696344.7528,6039590.0108,-1149275.0817,-10.45,105.689,261.91700000000003,TRIMBLE NETR9
352,YAR200AUS,-2389026.6119999997,5043317.0539,-3078529.5552,-29.046999999999997,115.34700000000001,241.685,TRIMBLE ALLOY
353,YAR300AUS,-2389043.7677,5043313.5822,-3078524.39,-29.046,115.34700000000001,242.855,SEPT POLARX5
354,YARR00AUS,-2389025.5745,5043315.5343,-3078532.9739,-29.046999999999997,115.34700000000001,241.75599999999997,SEPT POLARX5
355,YEBE00ESP,4848724.95,-261632.509,4123093.952,40.525,-3.089,973.2489999999999,LEICA GR50
356,YEL200CAN,-1224441.9824,-2689174.6494,5633660.3762,62.481,-114.48100000000001,181.452,SEPT POLARX5TR
357,YELL00CAN,-1224452.4,-2689216.0,5633638.2,62.481,-114.48100000000001,181.168,JAVAD TRE_3N DELTA
358,YKRO00CIV,6306439.897000001,-578380.7829999999,757956.4809999999,6.871,-5.24,270.584,JAVAD TRE_3 DELTA
359,ZAMB00ZMB,5415353.011,2917209.914,-1685888.865,-15.425999999999998,28.311,1325.318,JAVAD TRE_3 DELTA
360,ZECK00RUS,3451175.15,3060335.95,4391955.97,43.788000000000004,41.565,1167.4160000000002,JAVAD TRE_3 DELTA
361,ZIM200CHE,4331300.16,567537.081,4633133.51,46.876999999999995,7.465,956.8810000000001,TRIMBLE NETR9
362,ZIM300CHE,4331300.16,567537.081,4633133.51,46.876999999999995,7.465,956.8810000000001,TRIMBLE NETR9